page	y0	y1	word	translit	ipa	gloss	note	deviant
29	309	320	ո	o	ʋɔ			regular
29	309	320	ե	e	jɛ			regular
29	320	332	վորակ	vorak	ʋɔɾɑk	style		regular
29	320	332	վոչինչ	vočinč’	ʋɔtʃʰiɲtʃʰ	nothing		regular
29	320	332	յերկիր	yerkir	jɛɾkiɾ	country		regular
29	332	343	յերես	yeres	jɛɾɛs	face		regular
29	343	355	գնալու յեմ	gnalu yem	gənɑlu jɛm	I will go		regular
29	355	366	գնում եմ	gnum em	gənum ɛm	I go		regular
29	401	412	սենյակ	senyak	sɛnjɑk	room	reformed spelling; classical սենեակ pronounced the same	regular
29	401	412	յոթ	yot’	jɔtʰ	seven	reformed spelling; classical եոթ pronounced the same	regular
29	412	424	արյուն	aryun	ɑɾjun	blood	reformed spelling; classical արիւն pronounced the same	regular
29	435	447	խոյ	xoy	χɔj	ram		regular
29	458	470	հարմար	harmar	hɑɾmɑɾ	comfortable	reformed spelling; classical յարմար pronounced the same	regular
29	470	481	ծառա	caroa	tsɑrɑ	servant, slave	reformed spelling; classical ծառայ pronounced the same	regular
31	112	124	ա	a	ɑ			regular
31	267	280	Երևան	Erewan	jɛɾɛʋɑn			regular
31	267	280	երազ	eraz	jɛɾɑz	dream		regular
31	267	280	ես	es	jɛs	I		regular
31	292	305	եմ	em	ɛm	I am		regular
31	305	318	ես	es	ɛs	you are		regular
31	305	318	ենք	enk’	ɛnkʰ	we are		regular
31	305	318	եք	ek’	ɛkʰ	you are		regular
31	305	318	են	en	ɛn	they are		regular
31	344	356	գնալու եմ	gnalu em	gənɑlu‿jɛm	I will go		regular
31	369	382	էշ	ēš	ɛʃ	donkey		regular
31	369	382	էժան	ēžan	ɛʒɑn	cheap		regular
31	369	382	էջ	ēj	ɛdʒ	page		regular
31	382	395	էպոս	ēpos	ɛpɔs	epic		regular
31	382	395	էլեկտրոն	ēlektron	ɛlɛktɾɔn	electron		regular
31	395	408	է	ē	ɛ			regular
32	111	124	ամենաերկար	amena-erkar	ɑmɛnɑjɛɾkʰɑɾ	the longest		deviant
32	111	124	կիսաեզրափակիչ	kisa-ezrap’akič’	kisɑjɛzɾɑpʰɑkitʃʰ			regular
32	124	137	հակաեկեղցական	haka-ekełec’akan	hɑkɑjɛkɛʁɛtsʰɑkɑn	anticlerical		deviant
32	137	150	համաեվրոպական	hama-evropakan	hɑmɑjɛvɾɔpɑkɑn	all-European; pan-european		regular
32	175	188	ապերջանիկ	ap-erĴanik	ɑpɛɾtʃʰɑnik	unhappy		deviant
32	188	201	գետեզերք	get-ezerk’	gɛtɛzɛɾkʰ	river bank, river side		regular
32	201	214	պարերգ	par-erg	pɑɾɛɾkʰ	dance song		deviant
32	307	319	երկու	erku	jɛɾku	two		regular
32	319	332	երեք	erek’	jɛɾɛkʰ			regular
32	319	332	տասներկու	tasnerku	tɑsənɛɾkʰu			deviant
32	332	345	քսաներեք	k’sanerek’	kʰsɑnɛɾɛkʰ			regular
32	383	396	կերգեմ	kergem	kɛɾkʰɛm	I shall sing		deviant
32	396	409	կերգեմ	kergem	kəjɛɾkʰɛm	I shall sing		deviant
32	409	422	չերգեցի	č’-ergec’i	tʃʰɛɾkʰɛtsʰi	I did not sing		deviant
33	86	99	բերան	beran	bɛɾɑn	mouth		regular
33	86	99	լեզու	lezu	lɛzu			regular
33	99	111	հերախոս	her°axos	hɛrɑχɔs	phone		regular
33	99	111	բազէ	baze	bɑzɛ	falcon		regular
33	99	111	ոսկե	oske	ʋɔskɛ	golden		regular
33	215	228	որդի	ordi	ʋɔɾtʰi	son		deviant
33	215	228	որտեղ	orteł	ʋɔɾtɛʁ	where		regular
33	215	228	ոսկե	oske	ʋɔskɛ	golden		regular
33	257	270	ով	ov	ɔv	who?		regular
33	270	283	ովքեր	ovk’er	ɔvkʰɛr	who?		regular
33	270	283	ովևիցէ	ovewic’ē	ɔvɛʋitsʰɛ	whoever		regular
33	296	308	օր	ōr	ɔr	day		regular
33	296	308	օգնել	ognel	ɔkʰnɛl	to help		deviant
33	296	308	օդանավ	ōdanav	ɔtʰɑnɑv	plane		deviant
33	308	321	օբյեկտ	ōbyekt	ɔbjɛkt	object		regular
33	308	321	օպերա	ōpera	ɔpɛɾɑ	opera		regular
33	383	396	ա	a	ɑ			regular
33	396	408	ո	o	ʋɔ			regular
33	408	421	ամենաողորմելի	amenaołormeli	ɑmɛnɑʋɔʁɔɾmɛli	the most pitiable		regular
33	421	434	ո	o	ʋɔ			regular
33	434	447	անորսալի	anorsali	ɑnɔɾsɑli	unhuntable		regular
33	511	524	անորոշ	anoroš	ɑnɔɾɔʃ	uncertain		regular
33	524	536	եղբորորդի	ełborordi	jɛχpɔɾɔɾtʰi	fraternal nephew; brother’s son		deviant
33	549	562	կորոշեմ	korošem	kɔɾɔʃɛm	I shall decide		regular
33	562	575	չորոշեցի	č’orošec’i	tʃʰɔɾɔʃɛtsʰi	I did not decide		regular
34	120	132	ը	ě	ə			regular
34	501	513	աւ	aw	ɑʋ			regular
35	137	149	բադ	bad	bɑd	duck		regular
35	137	149	պատ	pat	pɑt	wall		regular
35	150	162	բահ	bah	bɑh	spade		regular
35	150	162	պահ	pah	pɑh	moment		regular
35	162	174	դատ	dat	dɑt	trial		regular
35	162	174	տատ	tat	tɑt	grandmother		regular
35	174	186	դեղ	deł	dɛʁ	medicine		regular
35	174	186	տեղ	teł	tɛχ	place		deviant
35	199	211	գետ	get	gɛt	river		regular
35	199	211	կետ	ket	kɛt	point; stop		regular
35	232	244	թաթ	t’at’	tʰɑtʰ	paw		regular
35	232	244	տատ	tat	tɑt	grandmother		regular
35	244	256	թուր	t’ur	tʰuɾ	sabre		regular
35	244	256	տուր	tur	tuɾ	give!		regular
35	257	269	քար	k’ar	kʰɑɾ	stone		regular
35	257	269	կար	kar	kɑɾ	seam		regular
35	269	281	քույր	k’uyr	kʰujɾ	sister		regular
35	269	281	կույր	kuyr	kujɾ	blind		regular
35	281	293	տաք	tak’	tɑkʰ	hot		regular
35	281	293	տակ	tak	tɑk	under		regular
35	316	328	բակ	bak	bɑk	courtyard		regular
35	316	328	փակ	p’ak	pʰɑk	closed, shut		regular
35	328	340	դաս	das	dɑs	class		regular
35	328	340	թաս	t’as	tʰɑs	cup		regular
35	341	353	երդ	erd	jɛɾd	roof		regular
35	341	353	երթ	ert’	jɛɾtʰ	procession, march		regular
35	353	365	գդալ	gdal	gədɑl	spoon		regular
35	353	365	gթալ	gt’al	gətʰɑl	to have mercy		artifact
35	365	377	գայլ	gayl	gɑjl	wolf		regular
35	365	377	քայլ	k’ayl	kʰɑjl	step, pace		regular
35	540	552	զարդ	zard	zɑɾtʰ	ornament		deviant
35	540	552	սարդ	sard	sɑɾtʰ	spider		deviant
35	552	564	զգալ	zgal	(ə)zgɑl	to feel		regular
35	552	564	սգալ	sgal	səgɑl	to mourn		regular
35	564	576	մազ	maz	mɑz	hair		regular
35	564	576	մաս	mas	mɑs	part		regular
35	577	589	ուժ	už	uʒ	force, power		regular
35	577	589	ուշ	uš	uʃ	late		regular
35	589	601	նեղ	neł	nɛʁ	narrow		regular
35	589	601	նեխ	nex	nɛχ	rottenness		regular
35	601	613	վաղ	vał	vɑʁ	early		regular
35	601	613	վախ	vax	vɑχ	fear		regular
36	177	189	ձախ	jax	dzɑχ	left		regular
36	177	189	ծախ	cax	tsɑχ	sale		regular
36	189	201	ձորակ	jorak	dzɔɾɑk	small valley		regular
36	189	201	ծորակ	corak	tsɔɾɑk	tap, spout		regular
36	202	214	ջանք	j ank’	dʒɑŋkʰ	effort		regular
36	202	214	ճանկ	čank	tʃɑŋk	claw		regular
36	215	227	ջութ	jut’	dzutʰ	jute		deviant
36	215	227	ճուտ	čut	tʃut	chick		regular
36	250	262	ցից	c’ic’	tsʰitsʰ	stake		regular
36	262	275	ծառ	caro	tsɑr	tree		regular
36	262	275	ցար	c’ar	tsʰɑɾ	tsar		regular
36	275	287	ծծել	ccel	tsətsɛl	to suck		regular
36	275	287	ցցել	c’c’el	tsʰətsʰɛl	to stick into		regular
36	287	299	ճաղ	čał	tʃɑʁ	spoke		regular
36	287	299	չաղ	č’ał	tʃʰɑʁ	fat		regular
36	386	399	անջնջելի	anjnjeli	ɑɲdʒədʒɛli	indestructible		deviant
36	399	412	անկաերլի	ankareli	ɑŋkɑɾɛli	impossible		deviant
36	562	575	ռարդիո	radio	rɑdi(j)ɔ	radio		deviant
36	562	575	ռեալիստ	r˚ealist	rɛɑlist	realist		regular
36	575	588	ռեժիմ	r˚ežim	rɛʒim	regime		regular
36	588	601	թռչուն	t’r˚č’un	tʰərtʃʰun	bird		regular
36	588	601	կռիվ	kr˚iv	kəriv	battle		regular
36	588	601	հեռու	her˚u	hɛru	far		regular
36	601	614	հառաչել	har˚ač’el	hɑrɑtʃʰɛl	to sigh		regular
36	601	614	մեռնել	meronel	mɛrnɛl	to die		regular
37	99	111	լեռ	ler˚	lɛr	mountain		regular
37	99	111	գառ	gar˚	gɑr	lamb		regular
37	138	150	սար	sar	sɑɾ	mountain		regular
37	138	150	սառ	sar˚	sɑr	cold, freezy		regular
37	151	164	լուր	lur	luɾ	news		regular
37	165	177	սեր	ser	sɛɾ	love		regular
37	165	177	սեռ	ser˚	sɛr	sex, gender		regular
37	178	191	դեր	der	dɛɾ	role		regular
37	178	191	դեռ	der˚	dɛr	still		regular
37	273	285	որդի	ordi	ʋɔɾdi	son		regular
37	273	285	ոսկի	oski	ʋɔski	gold		regular
37	286	298	և	ew	jɛʋ	and		regular
37	298	311	Երևան	Erewan	jɛrɛʋɑn			regular
37	311	324	երևի	erewi	jɛrɛʋi	evidently		regular
37	324	337	որովհետև	orovhetew	ʋɔɾɔhɛtɛʋ	because, since		deviant
37	324	337	պարգև	pargew	pɑɾkʰɛʋ	gift		deviant
37	430	442	յասաման	yasa-man	jɑsɑmɑn	lilac		regular
37	430	442	յոթ	yot’	jɔtʰ	seven		regular
37	430	442	յուղել	yułel	juʁɛl	to oint		regular
37	442	455	յուրականչյուր	yurak’ anč’ yur	juɾɑkʰɑɲtʃʰjuɾ	each		deviant
37	442	455	մայր	mayr	mɑjɾ	mother		regular
37	455	468	գայլ	gayl	gɑjl	wolf		regular
37	455	468	արբունյակ	arbunyak	ɑɾbunjɑk	satellite		regular
37	468	481	սենյակ	senyak	sɛnjɑk	room		regular
37	481	493	կահույք	kahuyk’	kɑhujkʰ	furniture		regular
37	481	493	հայ	hay	hɑj	Armenian		regular
37	481	493	բայ	bay	bɑj	verb		regular
37	494	506	տրամվայ	tramvay	tɾɑmvɑj	streetcar		regular
37	519	532	ռադիոյի	r˚adioyi	rɑdiɔji			regular
38	73	86	Անգլիայի	Angliayi	ɑŋgliɑji	of England, England’s		regular
38	86	99	Աննայի	Annayi	ɑnnɑji	Anna’s		regular
38	86	99	Մարոյի	Maroyi	mɑɾɔji	Maro’s		regular
38	86	99	ատոմային	atomayin	ɑtɔmɑjin	nuclear		regular
38	99	111	հանքային	hank’ ayin	hɑŋkʰɑjin	mineral		regular
38	99	111	նայել	nayel	nɑjɛl	to watch		regular
38	196	209	ալբոմ	albom	ɑljbɔm	album		deviant
38	352	364	հայր	hayr	hɑjɾ	father		regular
38	364	376	սայլ	sayl	sɑjl	cart		regular
38	377	389	գայլ	gayl	gɑjl	wolf		regular
38	389	401	այսօր	aysōr	ɑjsɔɾ	today		regular
38	401	413	պայքար	payk’ar	pɑjkʰɑɾ	battle, struggle		regular
38	420	433	թեյ	t’ey	tʰɛj	tea		regular
38	433	445	Զեյթուն	Zeyt’un	zɛjtʰun	Zeyt’un		regular
38	445	457	Սեյրան	Seyran	sɛjɾɑn	Seyran		regular
38	464	476	խոյ	xoy	χɔj	ram		regular
38	489	501	Հանոյ	Hanoy	hɑnɔj	Hanoi		regular
38	514	526	հաճույք	hačuyk’	hɑtʃujkʰ	pleasure		regular
39	72	85	թույն	t’uyn	tʰujn	poison		regular
39	92	104	սենյակ	senyak	sɛnjɑk	room		regular
39	104	116	մատյան	matyan	mɑtjɑn	book		regular
39	118	130	առավոտյան	ar˚avotyan	ɑrɑvɔtjɑn	in the morning		regular
39	130	142	արծաթյա	arcat’ya	ɑɾtsɑtjɑ	silvern		deviant
39	142	154	անցյալ	anc’yal	ɑntsʰjɑl	past		regular
39	162	175	հյութ	hyut’	hjutʰ	juice		regular
39	175	187	ճյուղ	čyuł	tʃjuʁ	branch		regular
39	212	224	արյուն	aryun	ɑɾjun	blood		regular
39	549	561	որբ	orb	ʋɔɾpʰ	orphan		deviant
39	549	561	բարդ	bard	bɑɾtʰ	complex		deviant
39	549	561	երգ	erg	jɛɾkʰ	song		deviant
39	561	574	փորձ	p’orj	pʰɔɾtsʰ	test, attempt; արջ arj [ɑɾtʃʰ]		deviant
39	561	574	արջ	arj	ɑɾtʃʰ	bear		deviant
39	574	587	դարբնոց	darbnoc’	dɑɾpʰnɔtsʰ	smithy		deviant
39	574	587	արդեն	arden	ɑɾtʰɛn	already		deviant
39	587	600	երգիչ	ergič’	jɛɾkʰitʃʰ	singer		deviant
39	587	600	դարձյալ	darjyal	dɑɾtsʰjɑl	again		deviant
39	587	600	վերջին	verjin	vɛɾtʃʰin	last		deviant
40	116	129	դարդ	dard	dɑɾd	grief, care		regular
40	116	129	նարդի	nardi	nɑɾdi	Nardi (Backgammon)		regular
40	129	142	բուրջ	burj	buɾdʒ	tower		regular
40	129	142	մարջան	marjan	mɑɾdʒɑn	coral		regular
40	155	168	գրգիռ	grgiro	gəɾgir	excitement		regular
40	168	180	բարբառ	barbar˚	bɑɾbɑr	dialect		regular
40	232	244	խարդախ	xardax	χɑɾdɑχ	crafty; cheat		regular
40	244	257	բորբոքել	borbok’el	bɔɾbɔkʰɛl	to kindle, to inflame		regular
40	322	334	oդ	ōd	ɔtʰ	air		artifact
40	322	334	էգ	ēg	ɛkʰ	female		deviant
40	322	334	օձ	ōj	ɔtsʰ	snake		deviant
40	322	334	աջ	aj	ɑtʃʰ	right		deviant
40	334	347	խաբել	xabel	χɑpʰɛl	to cheat		deviant
40	334	347	անդjադար	andadar	ɑntʰɑtʰɑɾ	unceasing		artifact
40	347	360	հոգի	hogi	hɔkʰi	soul		deviant
40	347	360	ոջիլ	ojil	ʋɔtʃʰil	louse		deviant
40	419	432	համբույր	hambuyr	hɑmpʰujɾ	kiss		deviant
40	458	470	անդամ	andam	ɑntʰɑm	member		deviant
40	458	470	խնդիր	xndir	χəntʰiɾ	problem, question		deviant
40	470	483	կենդանի	kendani	kɛntʰɑni	alive; animal		deviant
40	496	509	անգամ	angam	ɑŋkʰɑm	times		deviant
40	546	558	ապստամբել	apstambel	ɑpʰstɑmbel	to revolt		deviant
40	546	558	ապշել	apšel	ɑpʰʃɛl	to be surprised		deviant
41	114	127	եղբայր	ełbayr	jɛχpɑjɾ	brother		deviant
41	127	140	շաղգամ	šałgam	ʃɑχkɑm	turnip		deviant
41	127	140	դեղձ	dełj	dɛχtsʰ	peach		deviant
41	127	140	աղջիկ	ałjik	ɑχtʃʰik	girl		deviant
41	224	236	արբել	arbel	ɑɾpʰɛl	to get drunk		deviant
41	224	236	դարբին	darbin	dɑɾpʰin	smith		deviant
41	236	249	երբ	erb	jɛɾpʰ	when		deviant
41	236	249	որբ	orb	ʋɔɾpʰ	orphan		deviant
41	236	249	նուրբ	nurb	nuɾpʰ	fine, delicate		deviant
41	249	262	սրբել	srbel	səɾpʰɛl	to clean		deviant
41	249	262	ուրբաթ	urbat’	uɾpʰɑtʰ	Friday		deviant
41	262	275	հարբել	harbel ­	harpʰɛl	to drink, to get drunk		deviant
41	275	288	բորբ	borb	bɔɾb	brightness, heat		regular
41	275	288	արբանյակ	arbanyak	ɑɾbɑnjɑk	satellite		regular
41	288	300	սերբ	serb	sɛɾb	Serbian		regular
41	288	300	կարբիդ	karbid	kɑɾbid	carbide		regular
41	313	326	համբերել	hamberel	hɑmpʰɛɾɛl	to be patient		deviant
41	313	326	համբույր	hambuyr	hɑmpʰujɾ	kiss		deviant
41	326	339	թամբ	t’amb	tʰɑmb	saddle		regular
41	352	364	իբր	ibr	ipʰɾ	as, like		deviant
41	352	364	աբխազ	abxaz	ɑpʰχɑz	Abkhaz		deviant
41	364	377	շաբաթ	šabat’	ʃɑpʰɑtʰ	week, Saturday		deviant
41	364	377	խաբել	xabel	χɑpʰɛl	to cheat		deviant
41	377	390	հակոբենի	hakobeni	hɑkɔpʰɛni	winter cherry (tree)		deviant
41	377	390	Հակոբ	Hakob	hɑkɔpʰ	Hakob		deviant
41	390	403	Գաբրիել	Gabriel	gɑpʰɾi(j)ɛl	Gabriel		deviant
41	390	403	Քերոբ	k’erob	kʰɛɾɔpʰ	K’erob		deviant
41	403	416	աբեթ	abet’	ɑbɛtʰ	tinder		regular
41	416	428	լոբի	lobi	lɔbi	bean		regular
41	416	428	հոբելյան	hobelyan	hɔbɛljɑn	jubilee		regular
41	416	428	Աբել	Abel	ɑbɛl	Abel		regular
41	441	454	աղբ	ałb	aχp	dirt		deviant
41	454	467	աղբյուր	ałbyur	ɑχpjuɾ	spring		deviant
41	454	467	եղբայր	ełbayr	jɛχpɑjɾ	brother		deviant
41	467	480	ողբալ	ołbal	ʋɔχbɑl	to lament		deviant
41	518	531	արդար	ardar	ɑɾtʰɑɾ	fair, just		deviant
41	518	531	արդեն	arden	ɑɾtʰɛn	already		deviant
41	518	531	բարդ	bard	bɑɾtʰ	complex		deviant
41	531	544	բերդ	berd	bɛɾtʰ	fortress		deviant
41	531	544	բրդել	brdel	bəɾtʰɛl	to crumble		deviant
41	544	557	բուրդ	burd	buɾtʰ	wool		deviant
41	544	557	դրդել	drdel	dəɾtʰɛl	to incite		deviant
41	544	557	երդ	erd	jɛɾtʰ	roof		deviant
42	73	86	զարդ	zard	zɑɾtʰ	ornament		deviant
42	73	86	զերդ	zerd	zɛɾtʰ	as, like		deviant
42	86	99	լերդ	lerd	lɛɾtʰ	liver; convolution		deviant
42	86	99	լյարդ	lyard	ljɑɾtʰ	liver		deviant
42	86	99	կարդալ	kardal	kɑɾtʰɑl	to read		deviant
42	99	111	կոկորդ	kokord	kɔkɔɾtʰ	throat		deviant
42	99	111	հաղորդ	hałord	hɑʁɔɾtʰ	participating; social		deviant
42	112	124	մարդ	mard	mɑɾtʰ	man, person		deviant
42	112	124	նյարդ	nyard	njɑɾtʰ	nerve		deviant
42	124	137	որդ	ord	ʋɔɾtʰ	worm		deviant
42	124	137	որդի	ordi	ʋɔɾtʰi	son		deviant
42	124	137	ջարդ	jard	dʒɑɾtʰ	slaughter		deviant
42	137	150	վաղորդյան	vałordyan	vɑʁɔɾtʰjɑn	in the morning, early		deviant
42	137	150	վարդ	vard	vɑɾtʰ	rose		deviant
42	150	163	վարդապետ	vardapet	vɑɾtʰɑpɛt	master, Vardapet		deviant
42	150	163	վրդովել	vrdovel	vəɾtʰɔvɛl	to perturb		deviant
42	163	175	օրիորդ	ōriord	ɔɾi(j)ɔɾtʰ	Miss, maid		deviant
42	188	201	առաջնորդ	ar˚ajnord	ɑrɑdʒnɔɾtʰ	first; leader		deviant
42	201	214	երրորդ	errord	jɛɾɾɔɾtʰ	third		deviant
42	201	214	ժողովուրդ	žołovurd	ʒɔʁɔvuɾtʰ	people		deviant
42	214	227	արձակուրդ	arjakurd	ɑɾdzɑkuɾtʰ	holiday, vacation		deviant
42	278	291	անդամ	andam	ɑntʰɑm	member		deviant
42	278	291	խնդիր	xndir	χəntʰiɾ	problem		deviant
42	291	303	կենդանի	kendani	kɛntʰɑni	alive; animal		deviant
42	304	316	ընդահնուր	ěndhanur	əntʰhɑnuɾ	general		deviant
42	316	329	ընդամենը	ěndameně	əntʰɑmɛnə	in all, total		deviant
42	316	329	ընդունել	ěndunel	əntʰunɛl	to accept		deviant
42	355	367	ադամանդ	adamand	ɑdɑmɑnd	diamond		regular
42	355	367	ավանդ	avand	ɑvɑnd	deposit, investment		regular
42	368	380	թունդ	t’und	tʰund	strong		regular
42	368	380	թինդ	t’ind	tʰind	noise, sound		regular
42	393	406	դադար	dadar	dɑtʰɑɾ	pause, rest		deviant
42	393	406	օդ	ōd	ɔtʰ	air		deviant
42	406	419	դադրել	dadrel	dɑtʰɾɛl	to tire, to become tired		deviant
42	460	472	երգել	ergel	jɛɾkʰɛl	to sing		deviant
42	460	472	թարգմանիչ	t’argmanič’	tʰɑɾkʰmɑnitʃʰ	interpreter		deviant
42	472	485	կարգ	karg	kɑɾkʰ	order, system		deviant
42	472	485	մարգարե	margare	mɑɾkʰɑɾɛ	prophet		deviant
42	485	498	պարգև	pargew	pɑɾkʰɛʋ	gift		deviant
42	511	523	բուրգ	burg	buɾg	pyramid		regular
42	511	523	գորգ	gorg	gɔɾg	carpet		regular
42	536	549	անգամ	angam	ɑŋkʰɑm	times		deviant
43	86	99	ավագ	avag	ɑvɑkʰ	elder, senior		deviant
43	86	99	զագս	zags	zɑkʰs	regis-ter office		deviant
43	99	111	զուգել	zugel	zukʰɛl	to dress up		deviant
43	99	111	էգ	ēg	ɛkʰ	female		deviant
43	112	124	թագավոր	t’agavor	tʰɑkʰɑvɔɾ	king		deviant
43	112	124	ծագել	cagel	tsɑkʰɛl	to rise, to origin		deviant
43	112	124	կարագ	karag	kɑɾɑkʰ	butter		deviant
43	124	137	հագնել	hagnel	hɑkʰnɛl	to wear, to put on		deviant
43	124	137	հոգնել	hognel	hɔkʰnɛl	to get tired		deviant
43	137	150	հոգի	hogi	hɔkʰi	soul		deviant
43	137	150	ձագ	jag	dzɑkʰ	youngling		deviant
43	137	150	ձիգ	jig	dzikʰ	tight, stretched		deviant
43	150	163	ճրագ	črag	tʃəɾɑkʰ	lamp		deviant
43	150	163	մարագ	marag	mɑɾɑkʰ	hay-loft		deviant
43	163	175	մուգ	mug	mukʰ	dark		deviant
43	163	175	նորոգել	norogel	nɔɾɔkʰɛl	renew, renovate		deviant
43	163	175	շոգ	šog	ʃɔkʰ	hot		deviant
43	176	188	պատարագ	patarag	pɑtɑɾɑkʰ	holy mass		deviant
43	176	188	սուգ	sug	sukʰ	grief		deviant
43	176	201	տեգր	tegr	tɛkh(ə)ɾ	husband’s brother		deviant
43	188	201	օգնել	ōgnel	ɔkʰnɛl	to help		deviant
43	188	201	օգուտ	ōgut	ɔkʰut	favour		deviant
43	227	239	շաղկամ	šałkam	ʃɑχkɑm	turnip		deviant
43	286	299	արձակ	arjak	ɑɾtsʰɑk	prose		deviant
43	286	299	բարձ	barj	bɑɾtsʰ	cushion		deviant
43	286	299	բարձր	barjr	bɑɾtsʰɾ	high		deviant
43	299	311	դերձան	derjan	dɛɾtsʰɑn	needleful, string		deviant
43	299	311	դերձակ	derjak	dɛɾtsʰɑk	tay-lor		deviant
43	311	324	խուրձ	xurj	χuɾtʰs	bundle		deviant
43	311	324	համբարձում	hambarjum	hɑmbɑɾtsʰum	ascension		deviant
43	324	337	հանդերձ	handerj	hɑndɛɾtsʰ	with; clothes		deviant
43	324	337	հարձակվել	harjakvel	hɑɾtʰsɑkvɛl	to attack		deviant
43	337	350	որձ	orj	ʋɔɾtʰs	male		deviant
43	337	350	վարձակ	varjak	vɑɾtsʰɑk	singer; whore		deviant
43	350	363	վրձին	vrjin	vəɾtsʰin	brush		deviant
43	350	363	փորձ	p’orj	pʰɔɾtsʰ	test		deviant
43	363	375	մերձ	merj	mɛɾdz	near		regular
43	363	375	արձան	arjan	ɑɾdzɑn	statue		regular
43	388	401	դեղձ	dełj	dɛχtsʰ	peach		deviant
43	388	401	դաղձ	dałj	dɑχtsʰ	mint		deviant
43	401	414	դեղձան	dełjan	dɛχtsʰɑn	yellowish; canary bird		deviant
43	414	427	գեղձ	gełj	gɛʁdz	gland		regular
43	427	439	ոձ	ōj	ɔtsʰ	snake		deviant
43	485	498	արջ	arj	ɑɾtʃʰ	bear		deviant
43	485	498	թրջել	t’rjel	tʰəɾtʃʰɛl	to wet		deviant
43	485	498	վերջ	verj	vɛɾtʃʰ	end		deviant
43	498	511	շուրջ	šurj	ʃuɾdʒ	around, about		regular
43	511	524	խուրջին	xurjin	χuɾdʒin	saddle cloth		regular
43	511	524	մարջան	marjan	mɑɾdʒɑn	coral		regular
43	524	536	որջ	orj	ʋɔɾdʒ	den, burrow		regular
43	524	536	կամուրջ	kamurj	kɑmuɾdʒ	bridge		regular
43	549	562	աջ	aj	ɑtʃʰ	right		deviant
43	549	562	առաջ	ar˚aj	ɑrɑtʃʰ	before, in front of		deviant
43	562	575	առաջին	ar˚ajin	ɑrɑtʃʰin	first		deviant
43	562	575	մեջ	mej	mɛtʃʰ	in		deviant
43	562	575	ոջիլ	ojil	ʋɔtʃʰil	louse		deviant
43	575	588	քաջք	kajk’	kʰɑtʃʰkʰ	demons		deviant
43	588	600	հաջորդ	hajord	hɑdʒɔɾtʰ	next		deviant
43	588	600	իջնել	ijnel	idʒnɛl	to descend		regular
43	600	613	միջին	mijin	midʒin	middle		regular
43	600	613	միջատ	mijat	midʒɑt	insect		regular
44	73	86	ընկերոջ	ěnkeroj	əŋkɛɾɔdʒ	of the friend, friend’s		regular
44	112	124	աղջիկ	ałjik	ɑχtʃʰik	girl		deviant
44	112	124	ամբողջ	ambołj	ɑmbɔχtʃʰ	whole, entire		deviant
44	124	137	ողջ	ołj	ʋɔχtʃʰ	entire, whole		deviant
44	124	137	առողջ	ar˚ołj	ɑrɔχtʃʰ	healthy		deviant
44	137	150	եղջերու	ełjeru	jɛʁdʒɛɾu	deer		regular
44	150	163	զղջալ	złjal	zɛʁdʒɑl	to regret		deviant
44	150	163	շեղջ	šełj	ʃɛʁdʒ	heap		regular
44	257	270	անբիծ	anbic	ɑmbits	spotless		deviant
44	283	296	անգիր	angir	ɑŋgiɾ	by heart		regular
44	296	309	սունկ	sunk	suŋk	mushroom		regular
44	296	309	վանք	vank’	vɑŋkʰ			regular
44	321	334	անջատ	anjat	ɑɲdʒɑt	separate		regular
44	387	400	ինտերնատ	internat	intɛɾnɑt	internat		regular
44	387	400	կոմիտերն	komintern	kɔmintɛrn	komintern		deviant
44	412	425	առնել	ar˚nel	ɑrnɛl	to take		regular
44	425	438	գառնուկ	gar˚nuk	gɑrnuk	little lamb		regular
44	425	438	դառնալ	dar˚nal	dɑrnɑl	to become		regular
44	513	524	ջ	j	dʒ			regular
44	602	614	անմեղ	anmeł	ɑmmɛʁ	innocent		deviant
45	102	114	հարավ	harav	hɑɾɑf	south		deviant
45	102	114	ավտո	avto	ɑftɔ	auto-; car		deviant
45	114	127	նավթ	navt’	nɑftʰ	oil, petroleum		deviant
45	183	196	աշխարհ	ašxarh	ɑʃχɑɾ	world		deviant
45	183	196	խոնարհ	xonarh	χɔnɑɾ	humble		deviant
45	183	196	խորհուրդ	xorhurd	χɔɾuɾtʰ	advice		deviant
45	196	208	ճանապարհ	čanaparh	tʃɑnɑpɑɾ	way, path		deviant
45	196	208	շնորհ	šnorh	ʃnɔɾ	mercy		deviant
45	208	221	օրհնել	ōrhnel	ɔɾnɛl	to bless		deviant
45	358	371	դուրս եկավ	durs ekav	dus ɛkɑv	he came out		deviant
45	358	371	երբ	erb	jɛpʰ	when		deviant
45	384	396	գրիր	grir!,	uʁɑki	send		deviant
45	531	543	աշխարհայացք	ašxarhayac’k’	ɑʃχɑɾhɑjɑtʰskʰ	outlook		deviant
45	543	554	արհամարհել	arhamarhel	ɑɾhɑmɑɾəl	to despise, to scorn		deviant
46	128	140	դիպլոմ	diploma	djiplɔmɑ	diplom		deviant
46	128	140	ակադեմիա	akademia	ɑkɑdjɛmi(j)ɑ	academy		regular
46	140	153	պարտիական	partiakan	pɑɾtjiɑkɑn	party; party member		deviant
46	153	166	տեխնիկական	texnikakan	tjɛχnikɑkɑn	technical		regular
46	179	192	տիեզերք	tiezerk’	tji(j)ɛzɛɾkʰ	cosmos, universe		deviant
46	179	192	դաստիարկել	dastiarkel	dɑstji(j)ɑɾkɛl	to educate		deviant
46	192	204	թ	t’	tʰ			regular
46	217	230	ազատություն	azatut’yun	ɑzɑtutʰjun	freedom		regular
46	279	292	ալբոմ	albom	ɑljbɔm	album		deviant
46	279	292	վալս	vals	vɑljs	waltz		deviant
46	279	292	ալմանախ	almanax	ɑljmɑnɑχ	almanac		deviant
46	292	304	բոլշեվիկ	bolšewik	boljʃɛvik	Bolshevik		deviant
46	292	304	կուլտուրա	kultura	kuljtuɾɑ	culture		deviant
47	202	215	ուղղել	ułłel	uʁʁɛl	to correct		regular
47	202	215	մասսա	massa	mɑssɑ	mass		regular
47	215	228	սողուններ	sołunner	sɔʁunnɛɾ	reptiles		regular
47	215	228	հետ տար	het tar	hɛt‿tɑɾ	take with (you)!		regular
47	228	241	մեծ ծով	mec cov	mɛts‿tsov	big sea		deviant
47	266	279	արճճե	arčče	ɑɾtʃətʃɛ	leaden		regular
47	279	292	պտտել	pttel	pətətɛl	to twirl		regular
48	161	174	գրել	grel	gəɾɛl	to write		regular
48	161	174	հպարտ	hpart	həpɑɾt	proud		regular
48	161	174	ժպիտ	žpit	ʒəpit	smile		regular
48	174	187	նկար	nkar	nəkɑɾ	picture		regular
48	174	187	տղա	tła	təʁɑ	boy		regular
48	212	225	սպասել	spa-sel	əs-pɑsɛl	to wait		regular
48	212	225	ստանալ	stanal	əs-tɑnɑl	to receive		regular
48	212	225	սթափ	st’ap’	əs-tʰɑpʰ	sober		regular
48	225	238	զբոսնել	zbosnel	əz-bɔsnɛl	to walk		regular
48	225	238	զգալ	zgal	əz-gɑl	to feel		regular
48	238	251	շտապ	štap	əʃ-tɑp	urgent		regular
48	286	299	ստել	stel	sətɛl	to lie		regular
48	286	299	սգալ	sgal	səgɑl	to mourn		regular
48	466	478	սպորտ	sport	spɔɾt	Sport		regular
48	478	491	շտաբ	štab	ʃtɑb			regular
48	478	491	սկանդալ	skandal	skɑndɑl	scandal		regular
48	478	491	ստանդարդ	standard	stɑndɑɾd	stan-dard		regular
48	517	530	սկաուտ	skaut	skɑut	scout		regular
49	368	379	սպաս	spas	səpɑs	yoghurt-soup		regular
51	492	505	տրված	trvac	təɾ-vɑts	having been given		regular
51	505	517	գտնել	gtnel	gət-nɛl	to find		regular
51	517	530	կսկիծ	kskic	kəs-kits	bitterness		regular
51	530	543	նստարան	nstaran	nəst-ɑɾɑn	bench, seat		regular
51	543	556	կրճատել	krčatel	kəɾ-tʃɑtɛl	to reduce		regular
51	556	569	բռնել	br˚nel	bər-nɛl	to catch, to hold		regular
51	569	581	տնտեսություն	tntesut’yun	tən-tɛsutʰjun	economy		regular
52	156	169	սփրոց	sp’roc’	əs-pʰəɾ-ɔtsʰ	tablecloth		regular
52	156	169	սփրոց	sp’roc’	səpʰ-ɾɔtsʰ	tablecloth	book-preferred variant	regular
52	169	181	սքթել	sk’t’el	əs-kʰətʰ-ɛl	to shrink from cold		regular
52	169	181	սքթել	sk’t’el	səkʰ-tʰɛl	to shrink from cold	book-preferred variant	regular
52	184	197	ստրուկ	struk	əs-təɾ-uk	serf		regular
52	184	197	ստրուկ	struk	stə-ɾuk	serf	book-preferred variant	regular
52	184	197	ստրուկ	struk	stɾuk	serf	variant	regular
52	197	210	սկսել	sksel	əs-kəs-ɛts	to begin		deviant
52	197	210	սկսել	sksel	skə-sɛl	to begin	book-preferred variant	regular
52	213	226	շտկել	štkel	əʃ-kət-ɛl	to repair; to straighten		deviant
52	213	226	շտկել	štkel	ʃtə-kɛl	to repair; to straighten	book-preferred variant	regular
52	226	239	ստրատեգիական	strategiakan	stɾɑtɛgi(j)ɑkɑn	strategical		regular
53	191	204	բժշկություն	bžškut’yun	bə-ʒəʃ-ku-tʰjun	medicine		regular
53	204	217	մկրտություն	mkrtut’yun	mə-kəɾ-tu-tʰjun	baptizm		regular
53	217	229	սննդամթերք	snndamt’erk’	sə-nən-dɑ-mətʰɛɾkʰ	groceries, food stuff		regular
53	229	242	ծծմբաթթու	ccmbat’t’u	tsə-tsəm-bɑ-tʰətʰu	sulphuric acid		regular
53	242	255	բզլտալ	bzltal	bə-zəl-tɑl	to buzz		regular
53	258	271	մտցնել	mtc’nel	mət-tsʰɛ-nɛl	to bring in		deviant
53	271	284	ճվտկել	čvtkel	tʃəv-tə-kel	to prune		deviant
53	287	299	ճշգրիտ	čšgrit	tʃəʃ-gə-ɾit	precise, exact		regular
53	299	312	տրտմություն	trtmut’yun	tʰəɾt-mu-tʰjun	sadness		deviant
53	315	328	սլկվել	slkvel	səlk(ə)-vel	to slip		deviant
53	328	341	ճնշվածություն	čnšvacut’yun	tʃənʃ-vɑ-tsutʰjun	depression		regular
53	341	354	մրջյուն	mrjyun	məɾdʒ-jun	ant		regular
53	357	369	ստրկացնել	strkac’nel	stʰə-rə-katsʰnɛl	to enslave		deviant
53	369	382	սպլխել	splxel	sə-pəl-χɛl	to slip		regular
54	167	180	ճմրթված	čmrt’vac	tʃə-məɾt-vɑts	crinkled, crumpled		deviant
54	180	193	մխրճվել	mxrčvel	mə-χəɾtʃ-vɛl	to pierce		regular
54	193	205	սփրթնում	sp’rt’num	sə-pʰəɾtʰ-num	whitening, bleaching		regular
54	205	218	փռնգտալ	p’r˚ngtal	pʰə-rəŋg-tɑl	to snuff, to snort		regular
54	221	234	տրտնջալ	trtnjal	təɾ-təɲʒɑl	to grumble, to complain		deviant
54	234	247	բռնցքամարտ	br˚nc’k’amart	bər-nəts-kʰɑmɑɾt	boxing		deviant
54	247	260	մշտնջենաբար	mštnjenabar	məʃ-təɲ-dʒɛ-nɑbɑɾ	everlasting, eternal		regular
54	260	272	գրգռվել	grgr˚vel	gəɾ-gər-vɛl	to get excited, to be provocated		regular
54	272	285	մրմնջալ	mrmnjal	məɾ-məɲ-dʒɑl	to whisper, to murmur		regular
54	285	298	քստմնալից	k’stmnalic’	kʰəs-təm-nɑlitsʰ	gruesome, horrid		regular
54	298	311	սրսկվել	srskvel	səɾs-kə-vɛl	to be/get injected		regular
54	383	396	մրթմրթալ	mrt’mrt’al	məɾtʰ-məɾ-tʰɑl	to mumble		regular
54	396	408	փնթփնթոց	p’nt’p’nt’oc’	pʰəntʰ-pʰən-tʰɔtsʰ	growl		regular
54	396	408	զնգզնգոց	zngzngoc’	zəŋg-zəŋ-gɔtʰs	tinkle		deviant
54	409	421	հրմշտկել	hrmštkel	հəɾ-məʃ-tə-kɛl	to jostle		deviant
54	491	504	պատմել	patmel	pɑt-mɛl	to tell		regular
54	491	504	պարտեզ	partez	pɑɾ-tɛz	garden		regular
54	504	517	կարմիր	karmir	kɑɾ-miɾ	red		regular
54	504	517	հագնել	hagnel	hɑkʰ-nɛl	to wear		deviant
54	562	575	կանգնել	kangnel	kɑŋg-nɛl	to stand		regular
54	575	588	հարցնել	harc’nel	hɑɾtsʰ-nɛl	to ask		regular
54	575	588	կարմրել	karmrel	kɑɾm-ɾɛl	to turn red, to blush		regular
54	601	614	ձեռնտու	jer˚ntu	dzɛ-rən-tu	profitable		regular
55	73	86	հետաքրքիր	hetak’rk’ir	hɛtɑ-kʰəɾ-kʰiɾ	interesting		regular
55	86	99	երաժշտություն	eražštut’yun	jɛɾa-ʒəʃ-tutʰjun	music		regular
55	124	137	աղմկարար	ałmkarar	ɑʁ-mə-kɑɾɑɾ	noisy		regular
55	124	137	վազվզել	vazvzel	vɑz-və-zɛl	to run around		regular
55	137	150	hագցնել	hagc’nel	hɑg-tsʰə-nɛl	to dress somebody, to put on somebody		artifact
55	214	226	հանգստանալ	hangstanal	hɑŋgəstɑnɑl	to relax		regular
55	226	239	անկրկնելի	ankrkneli	ɑŋkəɾknɛli	unrepeatable		regular
55	239	252	դասագրքեր	dasagrk’er	dɑsɑgəɾkʰɛɾ	schoolbooks		regular
55	378	390	խումբ	xumb	χumb	group		regular
55	378	390	տոմս	toms	tɔms	ticket		regular
55	378	390	գիրք	girk’	giɾkʰ	book		regular
55	390	403	դրախտ	draxt	dəɾɑχt			regular
55	390	403	հաջորդ	hajord	hɑdʒɔɾtʰ	next		deviant
55	390	403	դեպք	depk’	dɛpkʰ	case		regular
55	442	454	եղբայրս	ełbayrs	jɛχpɑjɾ-əs	my brother		deviant
55	454	467	տունդ	tund	tun-əd	your hourse		regular
55	454	467	գրածս	gracs	gɾɑts-əs	your writing		regular
55	454	467	ձեռքս	jer˚k’s	dzɛrkʰ-əs	my hand		regular
55	467	480	խելքդ	xelk’d	χɛlkʰ-əd	your mind		regular
55	480	493	ևս	ews	jɛʋəs	also,too		regular
55	480	493	դեռևս	der˚ews	dɛrɛʋəs	still,yet		regular
55	493	506	թերևս	t’erews	tɛɾɛʋəs	perhaps		deviant
55	493	506	ոմն	omn	ʋɔmən	somebody		regular
55	493	506	անհիմն	anhimn	ɑnhimən	groundless		regular
55	506	518	այժմ	ayžm	ɑjʒəm	now		regular
55	506	518	ըստ այսմ	ěst aysm	əst ɑjsəm	according to this		regular
55	518	531	ըստ այնմ	ěst aynm	əst ɑjnəm	according to that		regular
55	570	582	վագր	vagr	vɑgəɾ	tiger		regular
55	570	582	ծանր	canr	tsɑnəɾ	heavy		regular
55	582	595	ամենափոքր	amenap’ok’r,	ɑmɛnɑpʰɔkʰəɾ	smallest		regular
55	595	608	արքայադուստր	ark’ayadustr	ɑɾkʰɑjɑdustəɾ	king’s daughter		regular
55	595	608	արկղ	arkł	ɑɾkəʁ	box		regular
55	608	621	պարտք	partk’	pɑɾtkʰ	debt		regular
55	608	621	գամփռ	gamp’r°	gɑmpʰər	Armenian sheepdog		regular
55	608	621	բարձր	barjr	bɑɾdzəɾ	high		regular
55	621	634	աստղ	astł	ɑstəʁ	star		regular
57	309	322	անեծքատու	aneck’atu	ɑnɛtskʰɑtu	cusser		regular
57	322	335	պետքական	, petk’akan	pɛtkʰɑkɑn	suitable, fit		regular
57	335	348	մեջքակապ	mejk’akap	mɛdʒkʰɑkɑp	belt		regular
57	361	373	օրենսդիր	ōrensdir	ɔɾɛnsdiɾ	legislative		regular
57	373	386	մեջտեղ	mejteł	mɛdʒtɛʁ	middle, centre		regular
57	373	386	կեսօր	kesōr	kɛsɔɾ	midday, noon		regular
57	399	412	դեմառդեմ	demar˚dem	dɛmɑrdɛm	vis-a-vis		regular
57	399	412	մեջընդմեջ	mejěndmej	mɛdʒəntʰmɛdʒ	some-times, from time to time		deviant
57	412	425	ստեպ-ստեպ	stepstep	stɛp stɛp	often		regular
57	425	437	տեր	ter	tɛɾ	lord, master		regular
57	500	513	մարգարե	margare	mɑɾkʰɑɾɛ	prophet		deviant
57	513	525	մարգարեի	margare-i	mɑɾkʰɑɾɛji			deviant
57	513	538	մարգարեանալ	margare-anal	mɑɾkh-ɑɾɛjɑnɑl	to prophesy		deviant
57	525	538	բազե	baze	bɑzɛ	falcon		regular
57	525	538	բազեի	baze-i	bɑzɛji			regular
57	538	551	բազեապահ	baze-a-pah	bɑzɛjɑpɑh	falconer		regular
58	473	486	դեղնուց	dełnuc’	dɛʁnutʰs	yolk		deviant
58	486	499	նկարչություն	nkarč’ut’yun	nəkɑɾtʰʃutʰjun	painting		deviant
59	73	86	ուսուցչուհի	usuc’č’uhi	usutʰstʰʃuhi	female teacher		deviant
59	86	99	թշնամական	t’šnamakan	tʰəʃnɑmɑkɑn	hostile		regular
59	124	137	արճճագույն	arčč-aguyn	ɑɾtʃətʃɑgujn	lead-coloured		regular
59	137	150	մարմնամարզիկ	marmn-a-marzik	mɑɾmənəməɾzik	gymnast		deviant
59	150	163	նախագծեր	naxagc-er	nɑχɑgətsɛɾ			regular
59	380	393	մորուտ	mor-ut	mɔɾut	raspberry (Adj)		regular
60	163	175	Անիի	Ani-i	ɑniji			regular
60	544	557	գլխի	glx-i	gəlχi			regular
60	557	570	գլխավոր		g(ə)ləχɑvɔɾ			regular
60	570	582	սննդի	snnd-i	sənəndi			regular
61	73	86	ժողովրդի	žołovrd-i	ʒɔʁɔvəɾtʰi			deviant
61	163	176	ձվի	jv-i	dzəvi			regular
61	163	176	չվի	č’v-i	tʰʃəvi			deviant
61	240	252	վերակուի	verarku-i	vɛɾɑɾkuji			deviant
61	252	265	դասատուի	dasatu-i	dɑsɑtuji			regular
61	352	365	յա	ya	jɑ			regular
61	401	414	յա		jɑ			regular
61	401	414	ե		ɛ			regular
61	478	490	յա		jɑ			regular
61	478	490	ե		ɛ			regular
61	510	522	յո	yo	jɔ			regular
61	510	522	այ	ay	ɑj			regular
62	260	273	պտտվել	ptt-v-el	pə-tət-vɛl	to revolve, to rotate		regular
63	227	239	քաոս	k’aos	kʰɑ.ɔs	disorder, chaos		regular
63	227	239	բոա	boa	bɔ.ɑ	boa (snake)		regular
63	239	252	կոոպերացիա	kooperac’ia	kɔ.ɔpɛɾɑtsʰijɑ	cooperation		regular
63	252	265	աերոկլուբ	aeroklub	ɑ.ɛɾɔklub	aeroclub		regular
63	252	265	Մաեստրո	maestro	mɑ.ɛstɾɔ			regular
63	265	278	ռադիո	r˚adio	rɑdi(j)ɔ	radio		regular
63	278	291	պոեզիա	poezia	pɔ(j)ɛzijɑ	poetry		regular
63	278	291	գեոդեզիա	geodezia	gɛ(j)ɔdɛzijɑ	geodesy		regular
63	303	316	ամենաարդար	amena-ardar	ɑ.mɛ.nɑ.ɑɾ.tʰɑɾ	the fairest		deviant
63	316	329	ամենաուժեղ	amena-užeł	ɑ.mɛ.nɑ.uʒ.ɛʁ	the strongest		regular
63	329	342	հեռուստաընկերություն	her˚ust-a-ěnkerut’yun	hɛr.ust.ɑ.əŋk.ɛɾ.utʰjun	TV-company		regular
63	422	435	նաև	na-yew	nɑjɛʋ	also		regular
63	435	448	քվեարկել	k’ve-arkel	kʰ(ə)vɛjɑɾkɛl	to vote		regular
63	448	461	թեև	t’e-yew	tʰɛjɛʋ	although		regular
63	474	486	էություն	ē-ut’yun	ɛ(j)utʰjun	essence, substance		regular
63	486	499	միանալ	mi-anal	mijɑnɑl	to unite		regular
63	486	499	միասին	miasin	mijɑsin	together		regular
63	499	512	միություն	mi-ut’yun	mijutʰjun	unity		regular
63	499	512	հավաստիություն	havasti-ut’yun	hɑvɑstijutʰjun			regular
64	86	99	ձիեր	ji-er	dzijɛɾ			regular
64	124	137	տղայի	tła-y-i	tʁɑji			regular
64	137	150	քիմիայի	k’imia-y-i	kʰimijɑji			regular
64	150	163	էի	ēi	ɛji	I was		regular
64	163	176	հասցեի	hasc’e-i	hɑstsʰɛji			regular
64	176	188	կuմիտեում	komite-um	kɔmitɛjum			artifact
64	176	188	րոպեում	rope-um	ɾɔpɛjum			regular
64	188	201	միևնույն	mi-y-ew-nuyn	mijɛʋnujn	same		regular
64	201	214	շարունակելի-ություն	šarunakeli-ut’yun	ʃɑɾunakɛlijutʰjun	continuation possibility		regular
64	214	227	Սոչիում	Soč’i-um	sɔtʃʰijum			regular
64	240	252	կինոյից	kino-y-ic’	kinojitʰs			deviant
64	285	298	միություն	miut’yun	mi.utʰjun	unity		regular
64	311	324	հիանալի	hianali	hi(j)ɑnɑli	wonderful		regular
64	324	336	ձրիական	jriakan	dz(ə)ɾijɑkɑn	cost free, free		regular
64	324	349	քվեարկել	k’vearkel	kh(ə)vɛjɑɾkɛl	to vote		regular
65	125	137	կայսր	káysr	kɑ́jsəɾ			regular
65	125	137	աստղ	ástł	ɑ́stəʁ			regular
65	227	240	երգում եմ	ergúm em	jɛɾkʰúm‿ɛm	I sing		deviant
65	253	265	ծաղիկը	całíkě	tsɑʁíkə	the flower		regular
65	265	278	ծաղիկս	całiks	tsɑʁíkəs	my flower		regular
65	265	278	ծաղիկդ	całíkd	tsɑʁíkəd	your flower		regular
65	291	304	տղան էլ գնաց։	Tłan ēl gnac’.	t(ə)ʁɑ́n‿ɛl gnɑtsʰ	The boy went as well		regular
66	188	201	պիտի գնաս	piti gnas	piti‿gənɑ́s	you have to go		regular
66	201	213	թող գնա	t’oł gna	tʰɔʁ‿ gənɑ́	let (him) go!		regular
66	239	252	մինչ վաղը	minč’ vałě	miɲtʃʰ‿vɑʁə	until tomorrow		regular
66	252	277	ինչպես մարդ	inč’pes mard	iɲtʃhpɛs‿mɑ́ɾd	as a human being		regular
66	316	329	թրմփ	t’rmp’	tʰɾə́mpʰ	crash! Sound made by something falling down		regular
69	398	410	Անո՛ւշը կարդացել է այս գիրքը	AnÚš-ě kardac’el ē ays girk-ě.	ɑnúʃə kaɾtʰatsʰɛl‿ɛ ɑjs giɾkʰə	Anuš has read this book.		deviant
69	492	504	Անո՛ւշն է կարդացել այս գիրքը	AnÚš-n kardac’el ē ays girk-ě.	ɑnúʃən‿ɛ kaɾtʰatsʰɛl ɑjs giɾkʰə	It is Anuš who read the book		deviant
71	259	271	Անո՞ւշը գիրք կարդաց	Anǔš-ě girk’ kardac’?	ɑnúʃə giɾkʰ kaɾtʰatsʰ	Did ANUŠ read a book?		deviant
71	319	331	Անուշը գի՞րք կարդաց	Anǔš-ě girk’ kardac’?	ɑnúʃə giɾkh kaɾthatsh			deviant
71	392	404	Անուշը գիրք կարդա՞ց	Anuš-ě girk’ kardác’?	ɑnuʃə giɾkʰ kɑɾtʰɑ̂tsʰ			deviant
73	254	267	Միասին ե՞ք գալու	Miasin ék’ galu?	mijɑsin‿ɛ̌kʰ gɑlu			regular
73	283	295	Գնում ե՞ս գրադարան։	gnum és gradaran?	gənum‿ɛ̌s gɾɑdɑɾɑn			regular
73	311	337	Սա ի՞նչ է։ Վագ՞ր, թե՞ առյուծ։	sa ínč’ ē? Vagě´r t’é ar˚juc?	sɑ ǐɲtʃh‿ɑ vɑkhə̌ɾ thɛ̌ ɑrjuts			deviant
74	146	158	Ինչքա՜ն գեղեցիկ է այս աղջիկը	inč’k’ân gełec’ik ē ays ałjik-ě!	iɲktʃʰkʰɑ̂n gɛʁɛtsʰik‿ɛ ɑjs ɑχtʃʰikə	This girl îs beautiful!		deviant
74	205	218	Վա՜յ, ի՞նչ է պատահել քեզ	vây ínč’ ē patahel k’ez?	vɑ̂j ǐɲtʃʰ‿ɛ pɑtɑhɛl kʰɛz	Óh! What has happened to you?		regular
698	578	591	Մխիթար	Mxit’ar	mәχi-tʰɑɾ			regular
698	578	591	Մխո	Mxo	mәχɔ			regular
699	73	86	Դրաստամատ	Drastamat	dәɾ-ɑstɑmɑt			regular
699	73	86	Դրո	Dro	dәɾɔ			regular
699	86	99	Մկրտիչ	Mkrt’ič’	mәkәɾtit∫h			regular
699	86	99	Մկո	Mko	mәkɔ			regular
699	142	155	Մկրտիչ	Mkrt’ič’	mәkәɾtit∫h			regular
699	142	155	Մակո	Mako	mɑkɔ			regular
699	155	168	Հմայակ	Hmayak	hәmɑjɑk			regular
699	155	168	Համո		hɑmɔ			regular
