rank	freq	coinage	loanword(s)_replaced	en
357	30	արի	Սկաուտ (scout)
365	30	միավոր	Բալ (point)
673	17	տնօրեն	Դիրեկտոր (Director)
698	17	մշակույթ	Կուլտուրա (culture)
1480	8	ղեկավար	Էքսկուրսավար (guide); Լիդեր (leader)
1484	8	գրասենյակ	Բյուրո (office)
1592	8	ցեղասպանություն	Գենոցիդ (genocide)
1677	7	համակարգիչ	Կոմպյուտեր (computer)
1757	7	կոչ	Լոզունգ (slogan)
1905	6	ճարտարագետ	Ինժեներ (engineer)
2230	5	զբոսաշրջիկ	Տուրիստ (tourist)
2247	5	լրագրող	Ժուռնալիստ (journalist)
2329	5	առաջնորդ	Էքսկուրսավար (guide); Լիդեր (leader)
2561	5	հատված	Սեկտոր (sector)
2592	5	տարածություն	Ինտերվալ (interval)
2602	5	դահլիճ	Կաբինետ (cabinet)
2643	5	կռիվ	Սկանդալ (scandal)
3032	4	համացանց	Ինտերնետ (internet)
3039	4	կայքէջ	Սայթ (site)
3301	4	կորիզ	Ատոմ (atom)
3395	4	վիճակագրություն	Ստատիստիկա (statistics)
3582	3	ազատքեղ	Մաղադանոս (parsley)
3584	3	լոլիկ	Պոմիդոր (tomato)
3591	3	հյուրանոց	Մոթել (motel)
3826	3	ագարակ	Ֆերմա (farm)
3852	3	դաշնություն	Ֆեդերացիա (federation)
4008	3	մտավորական	Ինտելիգենտ (intellectual)
4129	3	դաշինք	Պակտ (pact)
4203	3	ուխտ	Պակտ (pact)
4398	3	թիթեղ	Կանիստր (tank)
4452	3	տակառ	Բարել (barrel)
4611	3	գեղագիտական	Էսթետիկական (aesthetic)
5182	2	շնորհանդես	Պրեզենտացիա (presentation)
5189	2	կայք	Սայթ (site)
5429	2	պաստառ	Էկրան (screen)
5439	2	ասուլիս	Պրես-կոնֆերանս (press-conference)
5471	2	չափանմուշ	Էտալոն (standard)
5759	2	երգահան	Կոմպոզիտոր (composer)
5914	2	օրհներգ	Հիմն (anthem)
6058	2	բնազդ	Ինտուիցիա (intuition)
6069	2	գետնախնձոր	Կարտոֆիլ (potato)
6168	2	խարիսխ	Բազա (Pedestal, support, military base)
6175	2	ծխախոտ	Սիգարետ (cigarette)
6212	2	հանրակառք	Ավտոբուս (bus); Տրամվայ (tram)
6245	2	միջուկ	Ատոմ (atom)
6256	2	շաբաթավերջ	Ուիք-էնդ (weekend)
6279	2	պանդոկ	Մոթել (motel)
6337	2	քառյակ	Կվարտետ (quartet)
6467	2	եզր	Տերմին (term)
6592	2	համաբանություն	Անալոգիա (analogy)
6729	2	արմատական	Ռադիկալ (radical)
6821	2	շրիշակ	Պլինտուս (plinth)
6898	2	բառացանկ	Նոմենկլատուրա (nomenclature)
7041	2	միտումնավոր	Տենդենցիոզ (tendentious)
7063	2	վեճ	Սկանդալ (scandal)
7170	1	գնացուցակ	Տարիֆ (tariff, rate)
7337	1	սրտաբան	Կարդիոլոգ (cardiologist)
7684	1	դաշտագնացություն	Պիկնիկ (picnic)
7782	1	խորհրդարան	Պառլամենտ (parliament)
7901	1	դաշնային	Ֆեդերալ (union)
7962	1	հաղորդավար	Դիկտոր (announcer)
8538	1	մանրամաս	Դետալ (spare part)
8895	1	մանիա	Մանիա (persecution mania)
9173	1	շնորհավորանք	Պրեզենտացիա (presentation)
9404	1	հանդ	Ֆերմա (farm)
9833	1	ուսուցչապետ	Պրոֆեսոր (professor)
9872	1	դրամատեր	Բանկիր (banker); Կապիտալիստ (capitalist)
10042	1	կիսադեմ	Պրոֆիլ (profile)
10098	1	խորհրդապաշտական	Սիմվոլիստական (symbolic)
10336	1	անդորրավետ	Կոմֆորտային (comfortable)
10726	1	երիզ	Կասետ (cassette)
10801	1	երկընտրանք	Դիլեմա (dilemma)
11098	1	ահաբեկիչ	Տեռորիստ (terrorist)
11099	1	ահաբեկչություն	Տեռոր (terror)
11103	1	ամբոխավարություն	Դեմագոգիա (demagogy)
11109	1	անաչառ	Օբյեկտիվ (objective)
11166	1	գեղագիտություն	Էսթետիկա (aesthetics)
11199	1	եսասիրություն	Էգոիզմ (egoism)
11248	1	ինքնաշարժ	Ավտոմոբիլ (car)
11357	1	հյուլե	Ատոմ (atom)
11381	1	ձայնասփյուռ	Ռադիո (radio)
11415	1	մասնակից	Ակցիոներ (shareholder)
11456	1	նիշ	Բալ (point)
11633	1	դրամատուն	Բանկ (bank)
11648	1	հարմարավետ	Կոմֆորտային (comfortable)
11680	1	ագարակապան	Ֆերմեր (farmer)
11701	1	արդյունաբերություն	Ինդուստրիա (industry)
11705	1	պտղանուշ	Կոմպոտ (compote)
11814	1	ուսմունք	Դոկտրին (doctrine)
12096	1	ճարտարագիտական	Ինժեներական (engineering)
12158	1	զբոսաշրջություն	Տուրիզմ (tourism)
12166	1	փիլիսոփայություն	Դոկտրին (doctrine)
12298	1	անջրպետ	Ինտերվալ (interval)
12475	1	խրտվիլակ	Մարիոնետ (Marionette)
13404	1	երաժշտանոց	Կոնսերվատորիա (conservatory)
13408	1	քարյուղ	Նավթ (oil)
13415	1	խափանարարություն	Դիվերսիա (sabotage)
13416	1	մրցատյան	Ժյուրի (jury)
13456	1	կարգախոս	Լոզունգ (slogan)
13834	1	զգացական	Էմոցիոնալ (emotional)
14049	1	չափազանցություն	Հիպերբոլ (hyperbole)
14159	1	առարկայական	Օբյեկտիվ (objective)
14446	1	աղանդեր	Դեսերտ (dessert)
14454	1	դոնդող	Ժելե (jelly)
14513	1	նարդոս	Լավանդ(ա) (lavender)
14570	1	առցանց	Օնլայն (online)
14575	1	ձայներիզ	Կասետ (cassette)
14578	1	կոճգամ	Կնոպկա (pin)
14619	1	գրավատուն	Լոմբարդ (pawnshop)
14631	1	հարմարավետություն	Կոմֆորտ (comfort)
14638	1	մանրակերտ	Մակետ (layout)
14690	1	վարկանիշ	Ռեյտինգ (rating)
14708	1	ոստնակ	Տրամպլին (springboard)
14716	1	ընկճախտ	Դեպրեսիա (depression)
14727	1	հոդաբորբ	Արթրիտ (arthritis)
14750	1	երիկամաբորբ	Նեֆրիտ (jade)
14844	1	բնախոս	Ֆիզիոլոգ (physiologist)
14846	1	բնախոսություն	Ֆիզիոլոգիա (physiology)
14850	1	բաժնետեր	Ակցիոներ (shareholder)
14889	1	կուտակիչ	Ակումուլյատոր (battery, accumulator)
14891	1	մեղմիչ	Բուֆեր (buffer)
14908	1	ավտոտնակ	Գարաժ (garage)
14912	1	կարգավար	Դիսպետչեր (dispatcher)
14917	1	պահեստամաս	Դետալ (spare part)
14964	1	արժույթ	Վալյուտա (currency)
