<b>լինել</b>	быть	frequency ru-minimal
<b>որ</b>	который	frequency ru-minimal
<b>ու</b>	и	frequency ru-minimal
<b>մի</b>	один	frequency ru-minimal
<b>կարդալ</b> <span style='color:#888;font-size:0.8em'>[կարթալ]</span>	читать	frequency ru-minimal
<b>ունենալ</b>	иметь	frequency ru-minimal
<b>ինչ</b>	что	frequency ru-minimal
<b>գրել</b>	писать	frequency ru-minimal
<b>այլ</b>	другой	frequency ru-minimal
<b>նա</b>	он, она	frequency ru-minimal
<b>ինչպես</b>	как	frequency ru-minimal
<b>այս</b>	этот	frequency ru-minimal
<b>լեզու</b>	язык	frequency ru-minimal
<b>գալ</b>	приходить	frequency ru-minimal
<b>չէ</b>	нет	frequency ru-minimal
<b>շատ</b>	очень, много	frequency ru-minimal
<b>էլ</b>	тоже	frequency ru-minimal
<b>ոչ</b>	нет, не	frequency ru-minimal
<b>իր</b>	свой	frequency ru-minimal
<b>խոսակցական</b>	разговорный	frequency ru-minimal
<b>այն</b>	тот	frequency ru-minimal
<b>մեջ</b> <span style='color:#888;font-size:0.8em'>[մեչ]</span>	внутри	frequency ru-minimal
<b>տալ</b>	давать	frequency ru-minimal
<b>կամ</b>	или	frequency ru-minimal
<b>թե</b>	ли	frequency ru-minimal
<b>այդ</b> <span style='color:#888;font-size:0.8em'>[այտ]</span>	тот	frequency ru-minimal
<b>հայերեն</b>	армянский	frequency ru-minimal
<b>իսկ</b>	а	frequency ru-minimal
<b>խոսք</b>	слово, речь	frequency ru-minimal
<b>նաև</b>	также	frequency ru-minimal
<b>համար</b>	для	frequency ru-minimal
<b>պետք</b>	нужный	frequency ru-minimal
<b>դու</b>	ты	frequency ru-minimal
<b>երբ</b> <span style='color:#888;font-size:0.8em'>[երփ]</span>	когда	frequency ru-minimal
<b>նրա</b>	его, её	frequency ru-minimal
<b>բայց</b>	но	frequency ru-minimal
<b>երևան</b>	Ереван	frequency ru-minimal
<b>հետ</b>	с	frequency ru-minimal
<b>ասել</b>	сказать	frequency ru-minimal
<b>մեկ</b>	1	frequency ru-minimal
<b>անել</b>	делать	frequency ru-minimal
<b>քանի</b>	сколько	frequency ru-minimal
<b>կարող</b>	способный	frequency ru-minimal
<b>ավելի</b>	больше	frequency ru-minimal
<b>բոլոր</b>	все	frequency ru-minimal
<b>մեծ</b>	большой	frequency ru-minimal
<b>նրանք</b>	они	frequency ru-minimal
<b>մենք</b>	мы	frequency ru-minimal
<b>ինձ</b>	меня, мне	frequency ru-minimal
<b>նրան</b>	его, ему	frequency ru-minimal
<b>խոսել</b>	говорить	frequency ru-minimal
<b>լավ</b>	хороший	frequency ru-minimal
<b>որոնք</b>	которые	frequency ru-minimal
<b>դուք</b>	вы	frequency ru-minimal
<b>վրա</b>	на	frequency ru-minimal
<b>մարդ</b> <span style='color:#888;font-size:0.8em'>[մարթ]</span>	человек	frequency ru-minimal
<b>քեզ</b>	тебя, тебе	frequency ru-minimal
<b>երկու</b>	2	frequency ru-minimal
<b>ով</b>	кто	frequency ru-minimal
<b>ուտել</b>	есть	frequency ru-minimal
<b>իմ</b>	мой	frequency ru-minimal
<b>օրինակ</b>	пример	frequency ru-minimal
<b>նրանց</b>	их, им	frequency ru-minimal
<b>սեր</b>	любовь	frequency ru-minimal
<b>գրական</b>	литературный	frequency ru-minimal
<b>նոր</b>	новый	frequency ru-minimal
<b>ամեն</b>	каждый	frequency ru-minimal
<b>բառ</b>	слово	frequency ru-minimal
<b>տեսնել</b>	видеть	frequency ru-minimal
<b>այստեղ</b>	здесь	frequency ru-minimal
<b>բան</b>	вещь	frequency ru-minimal
<b>ձեր</b>	ваш	frequency ru-minimal
<b>եթե</b>	если	frequency ru-minimal
<b>օր</b>	день	frequency ru-minimal
<b>առաջ</b> <span style='color:#888;font-size:0.8em'>[առաչ]</span>	вперёд	frequency ru-minimal
<b>այո</b>	да	frequency ru-minimal
<b>սա</b>	это	frequency ru-minimal
<b>տուն</b>	дом	frequency ru-minimal
<b>հայր</b>	отец	frequency ru-minimal
<b>հաճախ</b>	часто	frequency ru-minimal
<b>տարբեր</b>	разный	frequency ru-minimal
<b>իրենց</b>	их	frequency ru-minimal
<b>որտեղ</b>	где	frequency ru-minimal
<b>հայոց</b>	армянский	frequency ru-minimal
<b>վազել</b>	бежать	frequency ru-minimal
<b>հայ</b>	армянин	frequency ru-minimal
<b>մասին</b>	о, про	frequency ru-minimal
<b>ժամ</b>	час	frequency ru-minimal
<b>կողմ</b>	сторона	frequency ru-minimal
<b>ժամանակ</b>	время	frequency ru-minimal
<b>մյուս</b>	другой	frequency ru-minimal
<b>մոտ</b>	рядом, около	frequency ru-minimal
<b>ուզել</b>	хотеть	frequency ru-minimal
<b>քաղաք</b>	город	frequency ru-minimal
<b>գիտենալ</b>	знать	frequency ru-minimal
<b>ըստ</b>	согласно	frequency ru-minimal
<b>այսօր</b>	сегодня	frequency ru-minimal
<b>չէր</b>	не был	frequency ru-minimal
<b>հայաստան</b>	Армения	frequency ru-minimal
<b>մայր</b>	мать	frequency ru-minimal
<b>առաջին</b> <span style='color:#888;font-size:0.8em'>[առաչին]</span>	первый	frequency ru-minimal
<b>անուն</b>	имя	frequency ru-minimal
<b>կա</b>	есть	frequency ru-minimal
<b>տեղ</b>	место	frequency ru-minimal
<b>նստել</b>	садиться	frequency ru-minimal
<b>դուրս</b>	наружу	frequency ru-minimal
<b>ընկնել</b>	падать	frequency ru-minimal
<b>երբեմն</b> <span style='color:#888;font-size:0.8em'>[երփեմն]</span>	иногда	frequency ru-minimal
<b>նման</b>	похожий	frequency ru-minimal
<b>քո</b>	твой	frequency ru-minimal
<b>միջոց</b> <span style='color:#888;font-size:0.8em'>[միչոց]</span>	средство	frequency ru-minimal
<b>տարի</b>	год	frequency ru-minimal
<b>ում</b>	кому	frequency ru-minimal
<b>սխալ</b>	неправильный	frequency ru-minimal
<b>բերել</b>	приносить	frequency ru-minimal
<b>ձեռք</b>	рука	frequency ru-minimal
<b>հետո</b>	после, потом	frequency ru-minimal
<b>ալ</b>	тоже	frequency ru-minimal
<b>իմաստ</b>	смысл	frequency ru-minimal
<b>ուր</b>	куда	frequency ru-minimal
<b>թագավոր</b>	король	frequency ru-minimal
<b>նախադասություն</b>	предложение	frequency ru-minimal
<b>դառնալ</b>	становиться	frequency ru-minimal
<b>առնել</b>	брать, покупать	frequency ru-minimal
<b>սակայն</b>	однако	frequency ru-minimal
<b>գիրք</b>	книга	frequency ru-minimal
<b>բառապաշար</b>	лексика	frequency ru-minimal
<b>կան</b>	есть	frequency ru-minimal
<b>գնալ</b>	идти	frequency ru-minimal
<b>ինչու</b>	почему	frequency ru-minimal
<b>ապա</b>	затем	frequency ru-minimal
<b>դրանք</b>	те	frequency ru-minimal
<b>ժամանակակից</b>	современный	frequency ru-minimal
<b>լեզվական</b>	языковой	frequency ru-minimal
<b>փոքր</b>	маленький	frequency ru-minimal
<b>իրար</b>	друг друга	frequency ru-minimal
<b>երևույթ</b>	явление	frequency ru-minimal
<b>հասարակական</b>	общественный	frequency ru-minimal
<b>արդեն</b> <span style='color:#888;font-size:0.8em'>[արթեն]</span>	уже	frequency ru-minimal
<b>ուրիշ</b>	другой	frequency ru-minimal
<b>հազար</b>	1000	frequency ru-minimal
<b>մինչև</b>	до	frequency ru-minimal
<b>կրթություն</b>	образование	frequency ru-minimal
<b>գլուխ</b>	голова	frequency ru-minimal
<b>ձեզ</b>	вас, вам	frequency ru-minimal
<b>տվյալ</b>	данный	frequency ru-minimal
<b>առօրյա</b>	повседневный	frequency ru-minimal
<b>դպրոց</b>	школа	frequency ru-minimal
<b>նույն</b>	тот же	frequency ru-minimal
<b>վեր</b>	вверх	frequency ru-minimal
<b>որևէ</b>	любой	frequency ru-minimal
<b>հայկական</b>	армянский	frequency ru-minimal
<b>միշտ</b>	всегда	frequency ru-minimal
<b>միայն</b>	только	frequency ru-minimal
<b>որոշ</b>	некоторый	frequency ru-minimal
<b>արտահայտել</b>	выражать	frequency ru-minimal
<b>բնորոշ</b>	характерный	frequency ru-minimal
<b>քույր</b>	сестра	frequency ru-minimal
<b>որոնց</b>	которых	frequency ru-minimal
<b>որպես</b>	как	frequency ru-minimal
<b>բժիշկ</b>	врач	frequency ru-minimal
<b>մեզ</b>	нас	frequency ru-minimal
<b>լսել</b>	слышать, слушать	frequency ru-minimal
<b>ճիշտ</b>	правильный	frequency ru-minimal
<b>նամակ</b>	письмо	frequency ru-minimal
<b>հիմա</b>	сейчас	frequency ru-minimal
<b>օտար</b>	чужой	frequency ru-minimal
<b>արև</b>	солнце	frequency ru-minimal
<b>աշխարհ</b>	мир	frequency ru-minimal
<b>երեք</b>	3	frequency ru-minimal
<b>տանել</b>	нести	frequency ru-minimal
<b>երեխա</b>	ребёнок	frequency ru-minimal
<b>դնել</b>	класть	frequency ru-minimal
<b>այնտեղ</b>	там	frequency ru-minimal
<b>որքան</b>	сколько	frequency ru-minimal
<b>անվանի</b>	знаменитый	frequency ru-minimal
<b>խաղալ</b>	играть	frequency ru-minimal
<b>անգամ</b> <span style='color:#888;font-size:0.8em'>[անքամ]</span>	раз, даже	frequency ru-minimal
<b>խնդրեմ</b> <span style='color:#888;font-size:0.8em'>[խնթրեմ]</span>	пожалуйста	frequency ru-minimal
<b>կարելի</b>	можно	frequency ru-minimal
<b>կյանք</b>	жизнь	frequency ru-minimal
<b>սովորել</b>	учиться	frequency ru-minimal
<b>աչք</b>	глаз	frequency ru-minimal
<b>դա</b>	то	frequency ru-minimal
<b>էջ</b>	страница	frequency ru-minimal
<b>փոխարեն</b>	вместо	frequency ru-minimal
<b>գեղեցիկ</b>	красивый	frequency ru-minimal
<b>ապրել</b>	жить	frequency ru-minimal
<b>ընկեր</b>	друг	frequency ru-minimal
<b>ան</b>	он, она	frequency ru-minimal
<b>մաս</b>	часть	frequency ru-minimal
<b>կարևոր</b>	важный	frequency ru-minimal
<b>կին</b>	женщина	frequency ru-minimal
<b>գործ</b>	дело	frequency ru-minimal
<b>առանց</b>	без	frequency ru-minimal
<b>կիրառություն</b>	применение	frequency ru-minimal
<b>դեռ</b>	ещё	frequency ru-minimal
<b>դեմք</b>	лицо	frequency ru-minimal
<b>քիչ</b>	мало	frequency ru-minimal
<b>պես</b>	как	frequency ru-minimal
<b>ռուսերեն</b>	русский	frequency ru-minimal
<b>լալ</b>	плакать	frequency ru-minimal
<b>տիկին</b>	госпожа	frequency ru-minimal
<b>աղջիկ</b> <span style='color:#888;font-size:0.8em'>[աղչիկ]</span>	девушка	frequency ru-minimal
<b>երկար</b>	длинный	frequency ru-minimal
<b>արտահայտություն</b>	выражение	frequency ru-minimal
<b>բանավոր</b>	устный	frequency ru-minimal
<b>այսպես</b>	так	frequency ru-minimal
<b>հարյուր</b>	100	frequency ru-minimal
<b>համալսարան</b>	университет	frequency ru-minimal
<b>նշել</b>	отмечать	frequency ru-minimal
<b>աշակերտ</b>	ученик	frequency ru-minimal
<b>երիտասարդ</b> <span style='color:#888;font-size:0.8em'>[երիտասարթ]</span>	молодой	frequency ru-minimal
<b>վատ</b>	плохой	frequency ru-minimal
<b>դեմ</b>	против	frequency ru-minimal
<b>գործածություն</b>	употребление	frequency ru-minimal
<b>ոճական</b>	стилистический	frequency ru-minimal
<b>հիմնականում</b>	в основном	frequency ru-minimal
<b>հին</b>	старый	frequency ru-minimal
<b>մնալ</b>	оставаться	frequency ru-minimal
<b>ամբողջ</b> <span style='color:#888;font-size:0.8em'>[ամբողչ]</span>	весь	frequency ru-minimal
<b>դուռ</b>	дверь	frequency ru-minimal
<b>կոչվել</b>	называться	frequency ru-minimal
<b>յուրաքանչյուր</b>	каждый	frequency ru-minimal
<b>հատկապես</b>	особенно	frequency ru-minimal
<b>հարցնել</b>	спрашивать	frequency ru-minimal
<b>այսինքն</b>	то есть	frequency ru-minimal
<b>տարեկան</b>	годовой	frequency ru-minimal
<b>չկա</b>	нет	frequency ru-minimal
<b>տակ</b>	под	frequency ru-minimal
<b>ընդհանուր</b>	общий	frequency ru-minimal
<b>թվական</b>	дата	frequency ru-minimal
<b>հագուստ</b> <span style='color:#888;font-size:0.8em'>[հաքուստ]</span>	одежда	frequency ru-minimal
<b>այնքան</b>	настолько	frequency ru-minimal
<b>չորս</b>	4	frequency ru-minimal
<b>ուսանող</b>	студент	frequency ru-minimal
<b>խմել</b>	пить	frequency ru-minimal
<b>լույս</b>	свет	frequency ru-minimal
<b>հատուկ</b>	особый	frequency ru-minimal
<b>հավանել</b>	нравиться	frequency ru-minimal
<b>բազմաթիվ</b>	многочисленный	frequency ru-minimal
<b>պետական</b>	государственный	frequency ru-minimal
<b>հիմնական</b>	основной	frequency ru-minimal
<b>ձև</b>	форма	frequency ru-minimal
<b>կես</b>	половина	frequency ru-minimal
<b>չափ</b>	мера	frequency ru-minimal
<b>հինգ</b>	5	frequency ru-minimal
<b>եղբայր</b> <span style='color:#888;font-size:0.8em'>[եղպայր]</span>	брат	frequency ru-minimal
<b>արա</b>	эй, чувак	frequency ru-minimal
<b>նշանակել</b>	значить	frequency ru-minimal
<b>վերջին</b> <span style='color:#888;font-size:0.8em'>[վերչին]</span>	последний	frequency ru-minimal
<b>եղանակ</b>	погода	frequency ru-minimal
<b>այսպիսի</b>	такой	frequency ru-minimal
<b>գիշեր</b>	ночь	frequency ru-minimal
<b>աշխատանք</b>	работа	frequency ru-minimal
<b>այդպես</b>	так	frequency ru-minimal
<b>նպատակ</b>	цель	frequency ru-minimal
<b>բարբառ</b>	диалект	frequency ru-minimal
<b>մասնագիտական</b>	профессиональный	frequency ru-minimal
<b>անգլերեն</b>	английский	frequency ru-minimal
<b>հասկանալ</b>	понимать	frequency ru-minimal
<b>դժվար</b>	трудный	frequency ru-minimal
<b>հոգնել</b> <span style='color:#888;font-size:0.8em'>[հոքնել]</span>	уставать	frequency ru-minimal
<b>հիվանդ</b>	больной	frequency ru-minimal
<b>դեր</b>	роль	frequency ru-minimal
<b>անդամ</b> <span style='color:#888;font-size:0.8em'>[անթամ]</span>	член	frequency ru-minimal
<b>նկատմամբ</b>	относительно	frequency ru-minimal
<b>երկիր</b>	страна	frequency ru-minimal
<b>հայտնի</b>	известный	frequency ru-minimal
<b>աշխատել</b>	работать	frequency ru-minimal
<b>սիրտ</b>	сердце	frequency ru-minimal
<b>թողնել</b>	оставлять	frequency ru-minimal
<b>շուն</b>	собака	frequency ru-minimal
<b>այնպես</b>	так	frequency ru-minimal
<b>հա</b>	да	frequency ru-minimal
<b>այժմ</b>	сейчас	frequency ru-minimal
<b>կիրառվել</b>	применяться	frequency ru-minimal
<b>առանձին</b>	отдельный	frequency ru-minimal
<b>դեպի</b>	к	frequency ru-minimal
<b>բարի</b>	добрый	frequency ru-minimal
<b>նորից</b>	снова	frequency ru-minimal
<b>գտնել</b>	находить	frequency ru-minimal
<b>լայն</b>	широкий	frequency ru-minimal
<b>ներս</b>	внутрь	frequency ru-minimal
<b>շաբաթ</b> <span style='color:#888;font-size:0.8em'>[շափաթ]</span>	неделя	frequency ru-minimal
<b>հաց</b>	хлеб	frequency ru-minimal
<b>դուր գալ</b>	нравиться	frequency ru-minimal
<b>անց</b>	после	frequency ru-minimal
<b>բաց</b>	открытый	frequency ru-minimal
<b>հարց</b>	вопрос	frequency ru-minimal
<b>ժողովուրդ</b>	народ	frequency ru-minimal
<b>ընթացքում</b>	в течение	frequency ru-minimal
<b>պատմություն</b>	история	frequency ru-minimal
<b>տասը</b>	10	frequency ru-minimal
<b>ցույց</b>	демонстрация	frequency ru-minimal
<b>հեռու</b>	далеко	frequency ru-minimal
<b>քան</b>	чем	frequency ru-minimal
<b>առարկա</b>	предмет	frequency ru-minimal
<b>վերաբերմունք</b>	отношение	frequency ru-minimal
<b>որոշակի</b>	определённый	frequency ru-minimal
<b>ինչպիսի</b>	какой	frequency ru-minimal
<b>անտառ</b>	лес	frequency ru-minimal
<b>սեղան</b>	стол	frequency ru-minimal
<b>ջուր</b>	вода	frequency ru-minimal
<b>ուրախ</b>	радостный	frequency ru-minimal
<b>չէիր</b>	не был	frequency ru-minimal
<b>ևս</b>	тоже	frequency ru-minimal
<b>միջև</b> <span style='color:#888;font-size:0.8em'>[միչև]</span>	между	frequency ru-minimal
<b>պատճառով</b>	из-за	frequency ru-minimal
<b>հանդես</b>	торжество	frequency ru-minimal
<b>դարձնել</b>	превращать	frequency ru-minimal
<b>այնպիսի</b>	такой	frequency ru-minimal
<b>պայմանավորված</b>	обусловленный	frequency ru-minimal
<b>մի քիչ</b>	немного	frequency ru-minimal
<b>կտոր</b>	кусок	frequency ru-minimal
<b>ծառ</b>	дерево	frequency ru-minimal
<b>անցնել</b>	проходить	frequency ru-minimal
<b>մտնել</b>	входить	frequency ru-minimal
<b>արի</b>	иди	frequency ru-minimal
<b>մատիտ</b>	карандаш	frequency ru-minimal
<b>տղա</b>	мальчик	frequency ru-minimal
<b>չէիք</b>	не были	frequency ru-minimal
<b>պարզ</b>	ясный	frequency ru-minimal
<b>կապ</b>	связь	frequency ru-minimal
<b>խելք</b>	ум	frequency ru-minimal
<b>միավոր</b>	единица	frequency ru-minimal
<b>կազմել</b>	составлять	frequency ru-minimal
<b>գրավոր</b>	письменный	frequency ru-minimal
<b>ավելորդ</b>	лишний	frequency ru-minimal
<b>վախենալ</b>	бояться	frequency ru-minimal
<b>կենդանի</b> <span style='color:#888;font-size:0.8em'>[կենթանի]</span>	животное	frequency ru-minimal
<b>կարծել</b>	думать	frequency ru-minimal
<b>թատրոն</b>	театр	frequency ru-minimal
<b>թվել</b>	казаться	frequency ru-minimal
<b>անձրև</b>	дождь	frequency ru-minimal
<b>երկրորդ</b>	второй	frequency ru-minimal
<b>գտնվել</b>	находиться	frequency ru-minimal
<b>որովհետև</b>	потому что	frequency ru-minimal
<b>տարբերություն</b>	разница	frequency ru-minimal
<b>կերպ</b>	способ	frequency ru-minimal
<b>ուստի</b>	поэтому	frequency ru-minimal
<b>բարբառային</b>	диалектный	frequency ru-minimal
<b>ամառ</b>	лето	frequency ru-minimal
<b>տվեց</b>	дал	frequency ru-minimal
<b>բարձր</b> <span style='color:#888;font-size:0.8em'>[բարցր]</span>	высокий	frequency ru-minimal
<b>ստանալ</b>	получать	frequency ru-minimal
<b>ձյուն</b>	снег	frequency ru-minimal
<b>փողոց</b>	улица	frequency ru-minimal
<b>գյուղ</b>	деревня	frequency ru-minimal
<b>բարև</b>	привет	frequency ru-minimal
<b>ահա</b>	вот	frequency ru-minimal
<b>կար</b>	было	frequency ru-minimal
<b>գիտություն</b>	наука	frequency ru-minimal
<b>խնդիր</b> <span style='color:#888;font-size:0.8em'>[խնթիր]</span>	задача	frequency ru-minimal
<b>սովորաբար</b>	обычно	frequency ru-minimal
<b>միտք</b>	мысль	frequency ru-minimal
<b>նկատել</b>	замечать	frequency ru-minimal
<b>հարուստ</b>	богатый	frequency ru-minimal
<b>նույնիսկ</b>	даже	frequency ru-minimal
<b>ազգային</b>	национальный	frequency ru-minimal
<b>գործել</b>	действовать	frequency ru-minimal
<b>հակառակ</b>	несмотря	frequency ru-minimal
<b>րոպե</b>	минута	frequency ru-minimal
<b>երեկ</b>	вчера	frequency ru-minimal
<b>ոչինչ</b>	ничего	frequency ru-minimal
<b>նախ</b>	сначала	frequency ru-minimal
<b>գետ</b>	река	frequency ru-minimal
<b>կանաչ</b>	зелёный	frequency ru-minimal
<b>փոխ</b>	заём	frequency ru-minimal
<b>հաճախակի</b>	частый	frequency ru-minimal
<b>տարածված</b>	распространённый	frequency ru-minimal
<b>հասարակություն</b>	общество	frequency ru-minimal
<b>ուսումնական</b>	учебный	frequency ru-minimal
<b>գարուն</b>	весна	frequency ru-minimal
<b>դիմել</b>	обращаться	frequency ru-minimal
<b>ազատ</b>	свободный	frequency ru-minimal
<b>սպասել</b>	ждать	frequency ru-minimal
<b>չէինք</b>	не были	frequency ru-minimal
<b>պահ</b>	момент	frequency ru-minimal
<b>տեղի</b>	место	frequency ru-minimal
<b>այլև</b>	также	frequency ru-minimal
<b>շրջան</b>	круг	frequency ru-minimal
<b>բնույթ</b>	характер	frequency ru-minimal
<b>գործածել</b>	использовать	frequency ru-minimal
<b>քերականական</b>	грамматический	frequency ru-minimal
<b>հատկանիշ</b>	признак	frequency ru-minimal
<b>գույն</b>	цвет	frequency ru-minimal
<b>կարմիր</b>	красный	frequency ru-minimal
<b>ոտք</b>	нога	frequency ru-minimal
<b>ուժ</b>	сила	frequency ru-minimal
<b>պահել</b>	держать	frequency ru-minimal
<b>պատճառ</b>	причина	frequency ru-minimal
<b>ասա</b>	скажи	frequency ru-minimal
<b>սուրբ</b>	святой	frequency ru-minimal
<b>ձուկ</b>	рыба	frequency ru-minimal
<b>երգել</b> <span style='color:#888;font-size:0.8em'>[երքել]</span>	петь	frequency ru-minimal
<b>երես</b>	лицо	frequency ru-minimal
<b>թեև</b>	хотя	frequency ru-minimal
<b>անցյալ</b>	прошлый	frequency ru-minimal
<b>ոճ</b>	стиль	frequency ru-minimal
<b>հուզված</b>	взволнованный	frequency ru-minimal
<b>առավել</b>	более	frequency ru-minimal
<b>անընդհատ</b>	непрерывный	frequency ru-minimal
<b>անհրաժեշտ</b>	необходимый	frequency ru-minimal
<b>թիվ</b>	число	frequency ru-minimal
<b>գիտական</b>	научный	frequency ru-minimal
<b>փորձել</b> <span style='color:#888;font-size:0.8em'>[փորցել]</span>	пробовать	frequency ru-minimal
<b>ձմեռ</b>	зима	frequency ru-minimal
<b>տաք</b>	тёплый	frequency ru-minimal
<b>կատարել</b>	выполнять	frequency ru-minimal
<b>արագ</b>	быстрый	frequency ru-minimal
<b>դաս</b>	урок	frequency ru-minimal
<b>ճաշ</b>	обед	frequency ru-minimal
<b>վիճակ</b>	состояние	frequency ru-minimal
<b>երգ</b> <span style='color:#888;font-size:0.8em'>[երք]</span>	песня	frequency ru-minimal
<b>կարգ</b> <span style='color:#888;font-size:0.8em'>[կարք]</span>	порядок	frequency ru-minimal
<b>հենց</b>	именно	frequency ru-minimal
<b>ուսումնասիրություն</b>	исследование	frequency ru-minimal
<b>իրողություն</b>	реальность	frequency ru-minimal
<b>հետևյալ</b>	следующий	frequency ru-minimal
<b>ժողովրդախոսակցական</b>	разговорный	frequency ru-minimal
<b>կրթական</b>	образовательный	frequency ru-minimal
<b>խումբ</b>	группа	frequency ru-minimal
<b>պատասխանել</b>	отвечать	frequency ru-minimal
<b>բռնել</b>	держать	frequency ru-minimal
<b>սիրել</b>	любить	frequency ru-minimal
<b>դրա</b>	того	frequency ru-minimal
<b>ուսուցիչ</b>	учитель	frequency ru-minimal
<b>կախվել</b>	повиснуть	frequency ru-minimal
<b>փոքրիկ</b>	маленький	frequency ru-minimal
<b>նկար</b>	картина	frequency ru-minimal
<b>կողք</b>	бок	frequency ru-minimal
<b>գրադարան</b>	библиотека	frequency ru-minimal
<b>գնա</b>	иди	frequency ru-minimal
<b>մտածել</b>	думать	frequency ru-minimal
<b>առ</b>	возьми	frequency ru-minimal
<b>այլևս</b>	больше не	frequency ru-minimal
<b>մամուլ</b>	пресса	frequency ru-minimal
<b>ոչ միայն</b>	не только	frequency ru-minimal
<b>տաճար</b>	храм	frequency ru-minimal
<b>մի շարք</b>	ряд	frequency ru-minimal
<b>կառույց</b>	структура	frequency ru-minimal
<b>տարբերակ</b>	вариант	frequency ru-minimal
<b>վեզիր</b>	визирь	frequency ru-minimal
<b>հնչյուն</b>	звук	frequency ru-minimal
<b>ձայնավոր</b>	гласный	frequency ru-minimal
<b>ստեղծել</b>	создавать	frequency ru-minimal
<b>հիանալի</b>	прекрасный	frequency ru-minimal
<b>բերան</b>	рот	frequency ru-minimal
<b>հանել</b>	снимать	frequency ru-minimal
<b>միասին</b>	вместе	frequency ru-minimal
<b>կամաց</b>	медленно	frequency ru-minimal
<b>ծաղիկ</b>	цветок	frequency ru-minimal
<b>ոսկի</b>	золото	frequency ru-minimal
<b>շուտ</b>	скоро	frequency ru-minimal
<b>վաղը</b>	завтра	frequency ru-minimal
<b>դրամ</b>	деньги	frequency ru-minimal
<b>երեկո</b>	вечер	frequency ru-minimal
<b>յոթ</b>	7	frequency ru-minimal
<b>բա</b>	ну	frequency ru-minimal
<b>ծով</b>	море	frequency ru-minimal
<b>լի</b>	полный	frequency ru-minimal
<b>սուրճ</b>	кофе	frequency ru-minimal
<b>մայրենի</b>	родной	frequency ru-minimal
<b>քար</b>	камень	frequency ru-minimal
<b>աստված</b>	бог	frequency ru-minimal
<b>բարձրագույն</b> <span style='color:#888;font-size:0.8em'>[բարցրագույն]</span>	высший	frequency ru-minimal
<b>հող</b>	земля	frequency ru-minimal
<b>բավական</b>	достаточно	frequency ru-minimal
<b>որդի</b> <span style='color:#888;font-size:0.8em'>[որթի]</span>	сын	frequency ru-minimal
<b>հեռանալ</b>	уходить	frequency ru-minimal
<b>կրկին</b>	снова	frequency ru-minimal
<b>սկսել</b>	начинать	frequency ru-minimal
<b>թող</b>	пусть	frequency ru-minimal
<b>ցանկանալ</b>	желать	frequency ru-minimal
<b>գրականություն</b>	литература	frequency ru-minimal
<b>խնդրել</b>	просить	frequency ru-minimal
<b>բարով</b>	благополучно	frequency ru-minimal
<b>ուրեմն</b>	значит	frequency ru-minimal
<b>ցավել</b>	болеть	frequency ru-minimal
<b>ծանր</b>	тяжёлый	frequency ru-minimal
<b>քամի</b>	ветер	frequency ru-minimal
<b>ֆրանսիա</b>	Франция	frequency ru-minimal
<b>ելնել</b>	выходить	frequency ru-minimal
<b>մանուկ</b>	младенец	frequency ru-minimal
<b>ձայն</b>	звук	frequency ru-minimal
<b>պակաս</b>	недостающий	frequency ru-minimal
<b>հանդիպում</b>	встреча	frequency ru-minimal
<b>հետևանք</b>	последствие	frequency ru-minimal
<b>հասնել</b>	достигать	frequency ru-minimal
<b>կենտրոն</b>	центр	frequency ru-minimal
<b>գոյական</b>	существительное	frequency ru-minimal
<b>միջին</b> <span style='color:#888;font-size:0.8em'>[միչին]</span>	средний	frequency ru-minimal
<b>իշխան</b>	князь	frequency ru-minimal
<b>բաղաձայն</b>	согласный	frequency ru-minimal
<b>առանձնահատկություն</b>	особенность	frequency ru-minimal
<b>հանրակրթական</b>	общеобразовательный	frequency ru-minimal
<b>հնարավորություն</b>	возможность	frequency ru-minimal
<b>ծեր</b>	старый	frequency ru-minimal
<b>թույլ</b>	слабый	frequency ru-minimal
<b>ազգանուն</b>	фамилия	frequency ru-minimal
<b>դասարան</b>	класс	frequency ru-minimal
<b>իհարկե</b>	конечно	frequency ru-minimal
<b>պարոն</b>	господин	frequency ru-minimal
<b>անշուշտ</b>	безусловно	frequency ru-minimal
<b>վեց</b>	6	frequency ru-minimal
<b>կարծիք</b>	мнение	frequency ru-minimal
<b>տարիք</b>	возраст	frequency ru-minimal
<b>հյուր</b>	гость	frequency ru-minimal
<b>երրորդ</b> <span style='color:#888;font-size:0.8em'>[երրորթ]</span>	третий	frequency ru-minimal
<b>ծնվել</b>	родиться	frequency ru-minimal
<b>նույնպես</b>	также	frequency ru-minimal
<b>սև</b>	чёрный	frequency ru-minimal
<b>հիշել</b>	помнить	frequency ru-minimal
<b>ընտանիք</b>	семья	frequency ru-minimal
<b>շնորհիվ</b>	благодаря	frequency ru-minimal
<b>վեպ</b>	роман	frequency ru-minimal
<b>բայ</b>	глагол	frequency ru-minimal
<b>հնարավոր</b>	возможный	frequency ru-minimal
<b>հաստատություն</b>	учреждение	frequency ru-minimal
<b>արժեք</b>	ценность	frequency ru-minimal
<b>փոխառություն</b>	заём	frequency ru-minimal
<b>մակարդակ</b>	уровень	frequency ru-minimal
<b>նյութ</b>	материал	frequency ru-minimal
<b>ժարգոն</b>	жаргон	frequency ru-minimal
<b>ֆրանսերեն</b>	французский	frequency ru-minimal
<b>օդ</b> <span style='color:#888;font-size:0.8em'>[օթ]</span>	воздух	frequency ru-minimal
<b>հայացք</b>	взгляд	frequency ru-minimal
<b>ամեն ինչ</b>	всё	frequency ru-minimal
<b>ութ</b>	8	frequency ru-minimal
<b>պատրաստ</b>	готовый	frequency ru-minimal
<b>ցավ</b>	боль	frequency ru-minimal
<b>օգնել</b> <span style='color:#888;font-size:0.8em'>[օքնել]</span>	помогать	frequency ru-minimal
<b>ռուսաստան</b>	Россия	frequency ru-minimal
<b>ճանապարհ</b>	дорога	frequency ru-minimal
<b>զարկել</b>	ударить	frequency ru-minimal
<b>ռուս</b>	русский	frequency ru-minimal
<b>գառ</b>	ягнёнок	frequency ru-minimal
<b>սենյակ</b>	комната	frequency ru-minimal
<b>ճանաչում</b>	признание	frequency ru-minimal
<b>վաղուց</b>	давно	frequency ru-minimal
<b>երբեք</b> <span style='color:#888;font-size:0.8em'>[երփեք]</span>	никогда	frequency ru-minimal
<b>դար</b>	век	frequency ru-minimal
<b>վազ</b>	бег	frequency ru-minimal
<b>նպաստել</b>	способствовать	frequency ru-minimal
<b>կրակ</b>	огонь	frequency ru-minimal
<b>ջան</b>	джан	frequency ru-minimal
<b>սովորական</b>	обычный	frequency ru-minimal
<b>նշանակություն</b>	значение	frequency ru-minimal
<b>այբուբեն</b>	алфавит	frequency ru-minimal
<b>պատասխան</b>	ответ	frequency ru-minimal
<b>այցելել</b>	посещать	frequency ru-minimal
<b>շուկա</b>	рынок	frequency ru-minimal
<b>տեսակ</b>	вид	frequency ru-minimal
<b>գիտնական</b>	учёный	frequency ru-minimal
<b>վերջապես</b> <span style='color:#888;font-size:0.8em'>[վերչապես]</span>	наконец	frequency ru-minimal
<b>ուժեղ</b>	сильный	frequency ru-minimal
<b>կանչել</b>	звать	frequency ru-minimal
<b>հարևան</b>	сосед	frequency ru-minimal
<b>քսան</b>	20	frequency ru-minimal
<b>շնորհակալ</b>	благодарный	frequency ru-minimal
<b>գինի</b>	вино	frequency ru-minimal
<b>ծանոթ</b>	знакомый	frequency ru-minimal
<b>դիմաց</b>	напротив	frequency ru-minimal
<b>առատ</b>	обильный	frequency ru-minimal
<b>լեռ</b>	гора	frequency ru-minimal
<b>որոշել</b>	решать	frequency ru-minimal
<b>լվանալ</b>	мыть	frequency ru-minimal
<b>ական</b>	тоннель	frequency ru-minimal
<b>բառարան</b>	словарь	frequency ru-minimal
<b>տուր</b>	дай	frequency ru-minimal
<b>տեր</b>	господин	frequency ru-minimal
<b>քաշել</b>	тянуть	frequency ru-minimal
<b>առավոտ</b>	утро	frequency ru-minimal
<b>անկյուն</b>	угол	frequency ru-minimal
<b>իբրև</b>	как	frequency ru-minimal
<b>ամիս</b>	месяц	frequency ru-minimal
<b>զգալ</b>	чувствовать	frequency ru-minimal
<b>ետ</b>	назад	frequency ru-minimal
<b>ման</b>	прогулка	frequency ru-minimal
<b>միմյանց</b>	друг друга	frequency ru-minimal
<b>ինքը</b>	он сам	frequency ru-minimal
<b>ծագում</b>	происхождение	frequency ru-minimal
<b>ներկայացնել</b>	представлять	frequency ru-minimal
<b>միջազգային</b> <span style='color:#888;font-size:0.8em'>[միչազգային]</span>	международный	frequency ru-minimal
<b>հանգամանք</b>	обстоятельство	frequency ru-minimal
<b>համապատասխան</b>	соответствующий	frequency ru-minimal
<b>միաժամանակ</b>	одновременно	frequency ru-minimal
<b>անհատ</b>	личность	frequency ru-minimal
<b>դարձված</b>	идиома	frequency ru-minimal
<b>կիրառում</b>	применение	frequency ru-minimal
<b>գերմաներեն</b>	немецкий	frequency ru-minimal
<b>հայրենիք</b>	родина	frequency ru-minimal
<b>խորհուրդ</b> <span style='color:#888;font-size:0.8em'>[խորհուրթ]</span>	совет	frequency ru-minimal
<b>թռչուն</b>	птица	frequency ru-minimal
<b>փիղ</b>	слон	frequency ru-minimal
<b>գրեթե</b>	почти	frequency ru-minimal
<b>տնօրեն</b>	директор	frequency ru-minimal
<b>քայլել</b>	ходить	frequency ru-minimal
<b>բնություն</b>	природа	frequency ru-minimal
<b>տասներկու</b>	12	frequency ru-minimal
<b>շնորհակալություն</b>	благодарность	frequency ru-minimal
<b>պար</b>	танец	frequency ru-minimal
<b>պատ</b>	стена	frequency ru-minimal
<b>ինչքան</b>	сколько	frequency ru-minimal
<b>արյուն</b>	кровь	frequency ru-minimal
<b>աստիճան</b>	степень	frequency ru-minimal
<b>կաթ</b>	молоко	frequency ru-minimal
<b>ուրախություն</b>	радость	frequency ru-minimal
<b>անուշ</b>	сладкий	frequency ru-minimal
<b>ձի</b>	лошадь	frequency ru-minimal
<b>տար</b>	далёкий	frequency ru-minimal
<b>կառուցվել</b>	строиться	frequency ru-minimal
<b>մեռնել</b>	умирать	frequency ru-minimal
<b>եկեղեցի</b>	церковь	frequency ru-minimal
<b>աղբյուր</b> <span style='color:#888;font-size:0.8em'>[աղպյուր]</span>	источник	frequency ru-minimal
<b>մշակույթ</b>	культура	frequency ru-minimal
<b>հաղորդում</b>	сообщение	frequency ru-minimal
<b>անկում</b>	падение	frequency ru-minimal
<b>ոլորտ</b>	сфера	frequency ru-minimal
<b>միջնակարգ</b>	средний	frequency ru-minimal
<b>հանրույթ</b>	сообщество	frequency ru-minimal
<b>երանգավորել</b>	оттенять	frequency ru-minimal
<b>միլիոն</b>	1000000	frequency ru-minimal
<b>շենք</b>	здание	frequency ru-minimal
<b>կարողանալ</b>	мочь	frequency ru-minimal
<b>արագիլ</b>	аист	frequency ru-minimal
<b>գյուղացի</b>	крестьянин	frequency ru-minimal
<b>դասախոս</b>	преподаватель	frequency ru-minimal
<b>աշուն</b>	осень	frequency ru-minimal
<b>թափել</b>	проливать	frequency ru-minimal
<b>սիրուն</b>	красивый	frequency ru-minimal
<b>բացել</b>	открывать	frequency ru-minimal
<b>քեռի</b>	дядя	frequency ru-minimal
<b>խաղ</b>	игра	frequency ru-minimal
<b>գին</b>	цена	frequency ru-minimal
<b>հունաստան</b>	Греция	frequency ru-minimal
<b>բանալ</b>	открывать	frequency ru-minimal
<b>շուրջ</b>	вокруг	frequency ru-minimal
<b>իրենք</b>	они	frequency ru-minimal
<b>ընկերություն</b>	дружба	frequency ru-minimal
<b>պապ</b>	дедушка	frequency ru-minimal
<b>լիճ</b>	озеро	frequency ru-minimal
<b>հետևել</b>	следовать	frequency ru-minimal
<b>որպեսզի</b>	чтобы	frequency ru-minimal
<b>նախագահ</b>	президент	frequency ru-minimal
<b>բացի</b>	кроме	frequency ru-minimal
<b>երկինք</b>	небо	frequency ru-minimal
<b>դեռևս</b>	ещё	frequency ru-minimal
<b>հազիվ</b>	едва	frequency ru-minimal
<b>սեփական</b>	собственный	frequency ru-minimal
<b>հետևաբար</b>	следовательно	frequency ru-minimal
<b>ներքին</b>	внутренний	frequency ru-minimal
<b>խիստ</b>	строгий	frequency ru-minimal
<b>էն</b>	то	frequency ru-minimal
<b>համակարգ</b>	система	frequency ru-minimal
<b>հասկացություն</b>	понятие	frequency ru-minimal
<b>շարահյուսական</b>	синтаксический	frequency ru-minimal
<b>մեթոդ</b>	метод	frequency ru-minimal
<b>գործառական</b>	функциональный	frequency ru-minimal
<b>մեջք</b> <span style='color:#888;font-size:0.8em'>[մեչք]</span>	спина	frequency ru-minimal
<b>գործողություն</b>	действие	frequency ru-minimal
<b>փնտրել</b>	искать	frequency ru-minimal
<b>անծանոթ</b>	незнакомый	frequency ru-minimal
<b>բացվել</b>	открываться	frequency ru-minimal
<b>սիրելի</b>	любимый	frequency ru-minimal
<b>հասցե</b>	адрес	frequency ru-minimal
<b>ախորժակ</b>	аппетит	frequency ru-minimal
<b>թերթ</b>	газета	frequency ru-minimal
<b>կրկնել</b>	повторять	frequency ru-minimal
<b>փոր</b>	живот	frequency ru-minimal
<b>սկսվել</b>	начинаться	frequency ru-minimal
<b>արտաքին</b>	внешний	frequency ru-minimal
<b>իսկապես</b>	действительно	frequency ru-minimal
<b>ծրագիր</b>	программа	frequency ru-minimal
<b>նախընտրել</b>	предпочитать	frequency ru-minimal
<b>աղբ</b> <span style='color:#888;font-size:0.8em'>[աղպ]</span>	мусор	frequency ru-minimal
<b>ծնունդ</b>	рождение	frequency ru-minimal
<b>որդ</b>	червь	frequency ru-minimal
<b>այգի</b>	сад	frequency ru-minimal
<b>հույս</b>	надежда	frequency ru-minimal
<b>մահ</b>	смерть	frequency ru-minimal
<b>աղքատ</b>	бедный	frequency ru-minimal
<b>էշ</b>	осёл	frequency ru-minimal
<b>մատ</b>	палец	frequency ru-minimal
<b>երևում</b>	появление	frequency ru-minimal
<b>ճակատ</b>	лоб	frequency ru-minimal
<b>առջև</b>	перед	frequency ru-minimal
<b>սրանք</b>	эти	frequency ru-minimal
<b>այդպիսի</b>	такой	frequency ru-minimal
<b>իմաստուն</b>	мудрый	frequency ru-minimal
<b>մինչդեռ</b>	тогда как	frequency ru-minimal
<b>ոնց</b>	как	frequency ru-minimal
<b>բախտ</b>	удача	frequency ru-minimal
<b>որոշում</b>	решение	frequency ru-minimal
<b>թիթեռնիկ</b>	бабочка	frequency ru-minimal
<b>քաղաքական</b>	политический	frequency ru-minimal
<b>հոգ</b>	забота	frequency ru-minimal
<b>տարածել</b>	распространять	frequency ru-minimal
<b>իսկական</b>	настоящий	frequency ru-minimal
<b>շերտ</b>	полоса	frequency ru-minimal
<b>ուղղություն</b>	направление	frequency ru-minimal
<b>դրական</b>	положительный	frequency ru-minimal
<b>կապակցություն</b>	связь	frequency ru-minimal
<b>ազդեցություն</b>	влияние	frequency ru-minimal
<b>պաշտոնական</b>	официальный	frequency ru-minimal
<b>բնակչություն</b>	население	frequency ru-minimal
<b>դերանուն</b>	местоимение	frequency ru-minimal
<b>բնակիչ</b>	житель	frequency ru-minimal
<b>ընդունել</b> <span style='color:#888;font-size:0.8em'>[ընթունել]</span>	принимать	frequency ru-minimal
<b>ցուրտ</b>	холод	frequency ru-minimal
<b>բարեկամ</b>	друг	frequency ru-minimal
<b>փակել</b>	закрывать	frequency ru-minimal
<b>հաճելի</b>	приятный	frequency ru-minimal
<b>փախչել</b>	убегать	frequency ru-minimal
<b>մեքենա</b>	машина	frequency ru-minimal
<b>աթոռ</b>	стул	frequency ru-minimal
<b>համեցեք</b>	добро пожаловать	frequency ru-minimal
<b>ինքն</b>	сам	frequency ru-minimal
<b>բնակարան</b>	квартира	frequency ru-minimal
<b>գլխարկ</b>	шляпа	frequency ru-minimal
<b>ուղիղ</b>	прямой	frequency ru-minimal
<b>սպիտակ</b>	белый	frequency ru-minimal
<b>կոկորդ</b> <span style='color:#888;font-size:0.8em'>[կոկորթ]</span>	горло	frequency ru-minimal
<b>ճաշակ</b>	вкус	frequency ru-minimal
<b>կարծես</b>	как будто	frequency ru-minimal
<b>հաջորդ</b> <span style='color:#888;font-size:0.8em'>[հաջորթ]</span>	следующий	frequency ru-minimal
<b>եվրոպա</b>	Европа	frequency ru-minimal
<b>չինարեն</b>	китайский	frequency ru-minimal
<b>ինը</b>	9	frequency ru-minimal
<b>թոռ</b>	внук	frequency ru-minimal
<b>հոր</b>	отца	frequency ru-minimal
<b>եղավ</b>	ладно	frequency ru-minimal
<b>համեղ</b>	вкусный	frequency ru-minimal
<b>լաց</b>	плач	frequency ru-minimal
<b>կամք</b>	воля	frequency ru-minimal
<b>ուշադրություն</b>	внимание	frequency ru-minimal
<b>լուր</b>	новость	frequency ru-minimal
<b>չնայած</b>	несмотря на	frequency ru-minimal
<b>հաջողություն</b>	удача	frequency ru-minimal
<b>կանոն</b>	правило	frequency ru-minimal
<b>հանրապետություն</b>	республика	frequency ru-minimal
<b>կարիք</b>	потребность	frequency ru-minimal
<b>տպավորություն</b>	впечатление	frequency ru-minimal
<b>միևնույն</b>	тот же	frequency ru-minimal
<b>մասամբ</b>	частично	frequency ru-minimal
<b>մշակութային</b>	культурный	frequency ru-minimal
<b>հայտնել</b>	сообщать	frequency ru-minimal
<b>հետազոտություն</b>	исследование	frequency ru-minimal
<b>հարկ</b>	этаж	frequency ru-minimal
<b>գործունեություն</b>	деятельность	frequency ru-minimal
<b>էություն</b>	сущность	frequency ru-minimal
<b>ածական</b>	прилагательное	frequency ru-minimal
<b>բացասական</b>	отрицательный	frequency ru-minimal
<b>իրադրություն</b>	ситуация	frequency ru-minimal
<b>անհատական</b>	личный	frequency ru-minimal
<b>արտահայտչական</b>	выразительный	frequency ru-minimal
<b>բաղադրիչ</b>	составляющая	frequency ru-minimal
<b>հուզական</b>	эмоциональный	frequency ru-minimal
<b>հնդեվրոպական</b>	индоевропейский	frequency ru-minimal
<b>ուսուցչուհի</b>	учительница	frequency ru-minimal
<b>ամերիկա</b>	Америка	frequency ru-minimal
<b>կանգնած</b>	стоящий	frequency ru-minimal
<b>շինել</b>	строить	frequency ru-minimal
<b>աշխատասեր</b>	трудолюбивый	frequency ru-minimal
<b>օգնական</b> <span style='color:#888;font-size:0.8em'>[օքնական]</span>	помощник	frequency ru-minimal
<b>կենալ</b>	стоять	frequency ru-minimal
<b>դրսևորվել</b>	проявляться	frequency ru-minimal
<b>միթե</b>	разве	frequency ru-minimal
<b>թութակ</b>	попугай	frequency ru-minimal
<b>հեռախոս</b>	телефон	frequency ru-minimal
<b>երեսուն</b>	30	frequency ru-minimal
<b>մայրիկ</b>	мама	frequency ru-minimal
<b>պատրաստել</b>	готовить	frequency ru-minimal
<b>ձախ</b>	левый	frequency ru-minimal
<b>գուցե</b>	возможно	frequency ru-minimal
<b>պատուհան</b>	окно	frequency ru-minimal
<b>այդքան</b> <span style='color:#888;font-size:0.8em'>[այտքան]</span>	столько	frequency ru-minimal
<b>երաժշտություն</b>	музыка	frequency ru-minimal
<b>բեր</b>	принеси	frequency ru-minimal
<b>կինո</b>	кино	frequency ru-minimal
<b>գերմանիա</b>	Германия	frequency ru-minimal
<b>գերմանական</b>	немецкий	frequency ru-minimal
<b>ուշ</b>	поздно	frequency ru-minimal
<b>ափ</b>	берег	frequency ru-minimal
<b>ծնող</b>	родитель	frequency ru-minimal
<b>բարդ</b> <span style='color:#888;font-size:0.8em'>[բարթ]</span>	сложный	frequency ru-minimal
<b>ծիծաղել</b>	смеяться	frequency ru-minimal
<b>տխուր</b>	грустный	frequency ru-minimal
<b>չոր</b>	сухой	frequency ru-minimal
<b>անմիջապես</b> <span style='color:#888;font-size:0.8em'>[անմիչապես]</span>	сразу	frequency ru-minimal
<b>արդյոք</b>	ли	frequency ru-minimal
<b>կապված</b>	связанный	frequency ru-minimal
<b>ներկա</b>	присутствующий	frequency ru-minimal
<b>զբաղմունք</b>	занятие	frequency ru-minimal
<b>ընտրել</b>	выбирать	frequency ru-minimal
<b>փոխել</b>	менять	frequency ru-minimal
<b>էլի</b>	снова	frequency ru-minimal
<b>պայման</b>	условие	frequency ru-minimal
<b>ժողովրդական</b>	народный	frequency ru-minimal
<b>ենթակա</b>	подлежащее	frequency ru-minimal
<b>հանկարծ</b>	вдруг	frequency ru-minimal
<b>գոյություն</b>	существование	frequency ru-minimal
<b>բուն</b>	подлинный	frequency ru-minimal
<b>ներկայացուցիչ</b>	представитель	frequency ru-minimal
<b>ընդգծել</b>	подчёркивать	frequency ru-minimal
<b>պահպանել</b>	сохранять	frequency ru-minimal
<b>հնչյունական</b>	звуковой	frequency ru-minimal
<b>ձգտում</b>	стремление	frequency ru-minimal
<b>հասկանալի</b>	понятный	frequency ru-minimal
<b>նմանատիպ</b>	подобный	frequency ru-minimal
<b>նորմ</b>	норма	frequency ru-minimal
<b>հաճախականություն</b>	частотность	frequency ru-minimal
<b>մանավանդ</b>	особенно	frequency ru-minimal
<b>մի օր</b>	однажды	frequency ru-minimal
<b>մեծանալ</b>	взрослеть	frequency ru-minimal
<b>ճշգրիտ</b>	точный	frequency ru-minimal
<b>փորձ</b> <span style='color:#888;font-size:0.8em'>[փորց]</span>	попытка	frequency ru-minimal
<b>մասնագետ</b>	специалист	frequency ru-minimal
<b>դաշտ</b>	поле	frequency ru-minimal
<b>քաղաքացի</b>	гражданин	frequency ru-minimal
<b>զբաղվել</b>	заниматься	frequency ru-minimal
<b>գրիչ</b>	ручка	frequency ru-minimal
<b>միակ</b>	единственный	frequency ru-minimal
<b>մրսել</b>	мёрзнуть	frequency ru-minimal
<b>սխալվել</b>	ошибаться	frequency ru-minimal
<b>հրավիրել</b>	приглашать	frequency ru-minimal
<b>հարմար</b>	удобный	frequency ru-minimal
<b>մինչ</b>	пока	frequency ru-minimal
<b>առիթ</b>	повод	frequency ru-minimal
<b>ամենայն</b>	всякий	frequency ru-minimal
<b>հավասար</b>	равный	frequency ru-minimal
<b>իսպաներեն</b>	испанский	frequency ru-minimal
<b>հունարեն</b>	греческий	frequency ru-minimal
<b>թուրք</b>	турок	frequency ru-minimal
<b>հինգերորդ</b>	пятый	frequency ru-minimal
<b>քննություն</b>	экзамен	frequency ru-minimal
<b>սուտ</b>	ложный	frequency ru-minimal
<b>վախ</b>	страх	frequency ru-minimal
<b>խնձոր</b>	яблоко	frequency ru-minimal
<b>իմը</b>	мой	frequency ru-minimal
<b>շարունակել</b>	продолжать	frequency ru-minimal
<b>երազ</b>	мечта	frequency ru-minimal
<b>սար</b>	гора	frequency ru-minimal
<b>խորթ</b>	неродной	frequency ru-minimal
<b>ընդարձակ</b>	обширный	frequency ru-minimal
<b>չար</b>	злой	frequency ru-minimal
<b>ցերեկ</b>	день	frequency ru-minimal
<b>մայիս</b>	май	frequency ru-minimal
<b>վերջ</b> <span style='color:#888;font-size:0.8em'>[վերչ]</span>	конец	frequency ru-minimal
<b>թանկ</b>	дорогой	frequency ru-minimal
<b>կառք</b>	карета	frequency ru-minimal
<b>իմանալ</b>	знать	frequency ru-minimal
<b>նեղ</b>	узкий	frequency ru-minimal
<b>դժվարություն</b>	трудность	frequency ru-minimal
<b>համաձայն</b>	согласный	frequency ru-minimal
<b>պարզել</b>	прояснить	frequency ru-minimal
<b>յուղ</b>	масло	frequency ru-minimal
<b>նայել</b>	смотреть	frequency ru-minimal
<b>ոչխար</b>	овца	frequency ru-minimal
<b>գայլ</b>	волк	frequency ru-minimal
<b>ոչ մի</b>	никакой	frequency ru-minimal
<b>հաղորդել</b>	сообщать	frequency ru-minimal
<b>հեռուստատեսություն</b>	телевидение	frequency ru-minimal
<b>ծակ</b>	дырявый	frequency ru-minimal
<b>հիմար</b>	глупый	frequency ru-minimal
<b>կառուցվածք</b>	структура	frequency ru-minimal
<b>չափազանց</b>	чрезмерный	frequency ru-minimal
<b>թարգմանություն</b>	перевод	frequency ru-minimal
<b>հարաբերություն</b>	отношение	frequency ru-minimal
<b>բարձրացնել</b> <span style='color:#888;font-size:0.8em'>[բարցրացնել]</span>	поднимать	frequency ru-minimal
<b>հարցում</b>	опрос	frequency ru-minimal
<b>վերաբերել</b>	касаться	frequency ru-minimal
<b>տոկոս</b>	процент	frequency ru-minimal
<b>խոր</b>	глубокий	frequency ru-minimal
<b>կացին</b>	топор	frequency ru-minimal
<b>կնիկ</b>	женщина	frequency ru-minimal
<b>համարել</b>	считать	frequency ru-minimal
<b>երանգ</b>	оттенок	frequency ru-minimal
<b>ընդունված</b>	принятый	frequency ru-minimal
<b>սկզբունք</b>	принцип	frequency ru-minimal
<b>համարժեք</b>	эквивалент	frequency ru-minimal
<b>օտարաբանություն</b>	заимствование	frequency ru-minimal
<b>վայր</b>	место	frequency ru-minimal
<b>առաջարկել</b> <span style='color:#888;font-size:0.8em'>[առաչարկել]</span>	предлагать	frequency ru-minimal
<b>կոտրել</b>	ломать	frequency ru-minimal
<b>կռվել</b>	драться	frequency ru-minimal
<b>վառ</b>	яркий	frequency ru-minimal
<b>հագնել</b> <span style='color:#888;font-size:0.8em'>[հաքնել]</span>	надевать	frequency ru-minimal
<b>բույն</b>	гнездо	frequency ru-minimal
<b>վերադառնալ</b>	возвращаться	frequency ru-minimal
<b>մարտ</b>	март	frequency ru-minimal
<b>տգեղ</b>	уродливый	frequency ru-minimal
<b>ականջ</b>	ухо	frequency ru-minimal
<b>վարվել</b>	обращаться	frequency ru-minimal
<b>բանաստեղծ</b>	поэт	frequency ru-minimal
<b>լուրջ</b>	серьёзный	frequency ru-minimal
<b>քնած</b>	спящий	frequency ru-minimal
<b>վարդ</b> <span style='color:#888;font-size:0.8em'>[վարթ]</span>	роза	frequency ru-minimal
<b>փակ</b>	закрытый	frequency ru-minimal
<b>քերականություն</b>	грамматика	frequency ru-minimal
<b>ժամանել</b>	прибывать	frequency ru-minimal
<b>գնել</b>	покупать	frequency ru-minimal
<b>երանի</b>	если бы	frequency ru-minimal
<b>կարճ</b>	короткий	frequency ru-minimal
<b>մենակ</b>	один	frequency ru-minimal
<b>տարեդարձ</b>	годовщина	frequency ru-minimal
<b>շնորհակալ եմ</b>	спасибо	frequency ru-minimal
<b>լողալ</b>	плавать	frequency ru-minimal
<b>ամուսին</b>	муж	frequency ru-minimal
<b>իրավունք</b>	право	frequency ru-minimal
<b>թուրքական</b>	турецкий	frequency ru-minimal
<b>մայրաքաղաք</b>	столица	frequency ru-minimal
<b>կեր</b>	корм	frequency ru-minimal
<b>հավ</b>	курица	frequency ru-minimal
<b>միս</b>	мясо	frequency ru-minimal
<b>պաշտպանել</b>	защищать	frequency ru-minimal
<b>հայրիկ</b>	папа	frequency ru-minimal
<b>բոլորովին</b>	совершенно	frequency ru-minimal
<b>սյուն</b>	колонна	frequency ru-minimal
<b>բացատրել</b>	объяснять	frequency ru-minimal
<b>գիր</b>	буква	frequency ru-minimal
<b>նվեր</b>	подарок	frequency ru-minimal
<b>վաղ</b>	рано	frequency ru-minimal
<b>շարք</b>	ряд	frequency ru-minimal
<b>ծառա</b>	слуга	frequency ru-minimal
<b>անկախ</b>	независимый	frequency ru-minimal
<b>վառել</b>	жечь	frequency ru-minimal
<b>ճամփա</b>	дорога	frequency ru-minimal
<b>երջանիկ</b>	счастливый	frequency ru-minimal
<b>արդյունք</b>	результат	frequency ru-minimal
<b>խելացի</b>	умный	frequency ru-minimal
<b>կանգնել</b>	стоять	frequency ru-minimal
<b>գցել</b>	бросать	frequency ru-minimal
<b>դարձյալ</b> <span style='color:#888;font-size:0.8em'>[դարցյալ]</span>	снова	frequency ru-minimal
<b>ցանկություն</b>	желание	frequency ru-minimal
<b>վերցնել</b>	брать	frequency ru-minimal
<b>զգացում</b>	чувство	frequency ru-minimal
<b>ավագ</b>	старший	frequency ru-minimal
<b>գլխավոր</b>	главный	frequency ru-minimal
<b>տեսություն</b>	теория	frequency ru-minimal
<b>գրավել</b>	захватывать	frequency ru-minimal
<b>հավաքել</b>	собирать	frequency ru-minimal
<b>անձ</b>	человек	frequency ru-minimal
<b>համ</b>	и	frequency ru-minimal
<b>լեզվաբանություն</b>	лингвистика	frequency ru-minimal
<b>արդի</b>	современный	frequency ru-minimal
<b>զանազան</b>	различный	frequency ru-minimal
<b>դատ</b>	суд	frequency ru-minimal
<b>սպանություն</b>	убийство	frequency ru-minimal
<b>հեր</b>	волосы	frequency ru-minimal
<b>անվանում</b>	название	frequency ru-minimal
<b>թաղ</b>	квартал	frequency ru-minimal
<b>ընտրություն</b>	выбор	frequency ru-minimal
<b>շեշտ</b>	ударение	frequency ru-minimal
<b>հոլով</b>	падеж	frequency ru-minimal
<b>անկաշկանդ</b>	непринуждённый	frequency ru-minimal
<b>աշակերտուհի</b>	ученица	frequency ru-minimal
<b>կավիճ</b>	мел	frequency ru-minimal
<b>միրգ</b> <span style='color:#888;font-size:0.8em'>[միրք]</span>	фрукт	frequency ru-minimal
<b>այսքան</b>	столько	frequency ru-minimal
<b>համով</b>	вкусный	frequency ru-minimal
<b>ամուր</b>	крепкий	frequency ru-minimal
<b>զգեստ</b>	платье	frequency ru-minimal
<b>օգտակար</b> <span style='color:#888;font-size:0.8em'>[օքտակար]</span>	полезный	frequency ru-minimal
<b>գետին</b>	земля	frequency ru-minimal
<b>լավագույն</b>	лучший	frequency ru-minimal
<b>թեկնածու</b>	кандидат	frequency ru-minimal
<b>կարողություն</b>	способность	frequency ru-minimal
<b>հետաքրքրական</b>	интересный	frequency ru-minimal
<b>անտարբեր</b>	равнодушный	frequency ru-minimal
<b>մեղմ</b>	мягкий	frequency ru-minimal
<b>պտուղ</b>	плод	frequency ru-minimal
<b>գրպան</b>	карман	frequency ru-minimal
<b>քաղաքացիություն</b>	гражданство	frequency ru-minimal
<b>ուսումնասիրել</b>	изучать	frequency ru-minimal
<b>բնավ</b>	никогда	frequency ru-minimal
<b>ծարավ</b>	жаждущий	frequency ru-minimal
<b>սառույց</b>	лёд	frequency ru-minimal
<b>գորգ</b>	ковёр	frequency ru-minimal
<b>կապույտ</b>	синий	frequency ru-minimal
<b>գնացք</b>	поезд	frequency ru-minimal
<b>հագել</b> <span style='color:#888;font-size:0.8em'>[հաքել]</span>	надеть	frequency ru-minimal
<b>մաքուր</b>	чистый	frequency ru-minimal
<b>խոնավ</b>	влажный	frequency ru-minimal
<b>ուրբաթ</b> <span style='color:#888;font-size:0.8em'>[ուրփաթ]</span>	пятница	frequency ru-minimal
<b>կիրակի</b>	воскресенье	frequency ru-minimal
<b>սրճարան</b>	кафе	frequency ru-minimal
<b>եվրոպական</b>	европейский	frequency ru-minimal
<b>ֆրանսիացի</b>	француз	frequency ru-minimal
<b>հունական</b>	греческий	frequency ru-minimal
<b>կատու</b>	кошка	frequency ru-minimal
<b>ափսոս</b>	жаль	frequency ru-minimal
<b>բրինձ</b>	рис	frequency ru-minimal
<b>թեյ</b>	чай	frequency ru-minimal
<b>քնել</b>	спать	frequency ru-minimal
<b>շարժում</b>	движение	frequency ru-minimal
<b>հոգի</b>	душа	frequency ru-minimal
<b>թեթև</b>	лёгкий	frequency ru-minimal
<b>հարսանիք</b>	свадьба	frequency ru-minimal
<b>ես</b>	я	frequency ru-minimal
<b>աջ</b> <span style='color:#888;font-size:0.8em'>[աչ]</span>	правый	frequency ru-minimal
<b>վերև</b>	вверх	frequency ru-minimal
<b>ներքև</b>	вниз	frequency ru-minimal
<b>վար</b>	вниз	frequency ru-minimal
<b>հետև</b>	сзади	frequency ru-minimal
<b>մեջտեղ</b> <span style='color:#888;font-size:0.8em'>[մեչտեղ]</span>	середина	frequency ru-minimal
<b>տեղափոխել</b>	переместить	frequency ru-minimal
<b>շարժել</b>	двигать	frequency ru-minimal
<b>շարժվել</b>	двигаться	frequency ru-minimal
<b>հրել</b>	толкать	frequency ru-minimal
<b>շրջել</b>	поворачивать	frequency ru-minimal
<b>պտտել</b>	вращать	frequency ru-minimal
<b>դիպչել</b>	трогать	frequency ru-minimal
<b>բաժակ</b>	стакан	frequency ru-minimal
<b>ափսե</b>	тарелка	frequency ru-minimal
<b>դանակ</b>	нож	frequency ru-minimal
<b>գդալ</b>	ложка	frequency ru-minimal
<b>պատառաքաղ</b>	вилка	frequency ru-minimal
<b>բանալի</b>	ключ	frequency ru-minimal
<b>մահճակալ</b>	кровать	frequency ru-minimal
<b>սրբիչ</b>	полотенце	frequency ru-minimal
<b>օճառ</b>	мыло	frequency ru-minimal
<b>լամպ</b>	лампа	frequency ru-minimal
<b>կոճակ</b>	пуговица	frequency ru-minimal
<b>հատակ</b>	пол	frequency ru-minimal
<b>առաստաղ</b>	потолок	frequency ru-minimal
<b>խոհանոց</b>	кухня	frequency ru-minimal
<b>լոգարան</b>	ванная	frequency ru-minimal
<b>մազ</b>	волосы	frequency ru-minimal
<b>քիթ</b>	нос	frequency ru-minimal
<b>ատամ</b>	зуб	frequency ru-minimal
<b>շուրթ</b>	губа	frequency ru-minimal
<b>մաշկ</b>	кожа	frequency ru-minimal
<b>վիզ</b>	шея	frequency ru-minimal
<b>ուս</b>	плечо	frequency ru-minimal
<b>թև</b>	рука, крыло	frequency ru-minimal
<b>արմունկ</b>	локоть	frequency ru-minimal
<b>ծունկ</b>	колено	frequency ru-minimal
<b>կուրծք</b>	грудь	frequency ru-minimal
<b>ստամոքս</b>	желудок	frequency ru-minimal
<b>այտ</b>	щека	frequency ru-minimal
<b>օգտագործել</b>	использовать	frequency ru-minimal
<b>մոռանալ</b>	забывать	frequency ru-minimal
<b>կորցնել</b>	терять	frequency ru-minimal
<b>արթնանալ</b>	просыпаться	frequency ru-minimal
<b>հանգստանալ</b>	отдыхать	frequency ru-minimal
<b>սառը</b>	холодный	frequency ru-minimal
<b>հեշտ</b>	лёгкий	frequency ru-minimal
<b>դանդաղ</b>	медленный	frequency ru-minimal
<b>քաղցր</b>	сладкий	frequency ru-minimal
<b>դառը</b>	горький	frequency ru-minimal
<b>աղի</b>	солёный	frequency ru-minimal
<b>կծու</b>	острый	frequency ru-minimal
<b>թարմ</b>	свежий	frequency ru-minimal
<b>կեղտոտ</b>	грязный	frequency ru-minimal
<b>դատարկ</b>	пустой	frequency ru-minimal
<b>դեղին</b>	жёлтый	frequency ru-minimal
<b>շագանակագույն</b>	коричневый	frequency ru-minimal
<b>մոխրագույն</b>	серый	frequency ru-minimal
<b>նարնջագույն</b>	оранжевый	frequency ru-minimal
<b>մանուշակագույն</b>	фиолетовый	frequency ru-minimal
<b>վարդագույն</b> <span style='color:#888;font-size:0.8em'>[վարթագույն]</span>	розовый	frequency ru-minimal
<b>շուտով</b>	скоро	frequency ru-minimal
<b>հազվադեպ</b>	редко	frequency ru-minimal
<b>կեսօր</b>	полдень	frequency ru-minimal
<b>կեսգիշեր</b>	полночь	frequency ru-minimal
<b>ողջույն</b> <span style='color:#888;font-size:0.8em'>[ողչույն]</span>	привет	frequency ru-minimal
<b>ցտեսություն</b>	до свидания	frequency ru-minimal
<b>ներողություն</b>	извините	frequency ru-minimal
<b>ապրես</b>	молодец	frequency ru-minimal
<b>ոչ ոք</b>	никто	frequency ru-minimal
<b>չէի</b>	не был	frequency ru-minimal
<b>չէին</b>	не были	frequency ru-minimal
<b>հարց տալ</b>	спрашивать	frequency ru-minimal
<b>ցույց տալ</b>	показывать	frequency ru-minimal
<b>թույլ տալ</b>	разрешать	frequency ru-minimal
<b>դուրս գալ</b>	выходить	frequency ru-minimal
<b>ձեռք բերել</b>	приобретать	frequency ru-minimal
<b>նկատի ունենալ</b>	подразумевать	frequency ru-minimal
<b>կարիք ունենալ</b>	нуждаться	frequency ru-minimal
<b>հույս ունենալ</b>	надеяться	frequency ru-minimal
<b>տեղի ունենալ</b>	происходить	frequency ru-minimal
<b>խորհուրդ տալ</b>	советовать	frequency ru-minimal
<b>կանգ առնել</b>	останавливаться	frequency ru-minimal
<b>հանդես գալ</b>	выступать	frequency ru-minimal
<b>հրաժեշտ տալ</b>	прощаться	frequency ru-minimal
<b>գլխի ընկնել</b>	догадаться	frequency ru-minimal
<b>կուլ տալ</b>	глотать	frequency ru-minimal
<b>դեմ լինել</b>	быть против	frequency ru-minimal
<b>միտք անել</b>	думать	frequency ru-minimal
<b>հոգ տանել</b>	заботиться	frequency ru-minimal
<b>տուն գալ</b>	приходить домой	frequency ru-minimal
<b>ողջույն տալ</b>	приветствовать	frequency ru-minimal
<b>դատի տալ</b>	судиться	frequency ru-minimal
