լինել	to be / быть	frequency top-1000 rank-0001 src-sakayan-paradigm
որ	that, which, who / что, который	frequency top-1000 rank-0002 src-hand-override
ու	and / и	frequency top-1000 rank-0003 src-hand-override
մի	one, a; don't! / один, а; не (запрет)	frequency top-1000 rank-0004 src-hand-override
կարդալ [կարտալ]	to read / читать	frequency top-1000 rank-0005 src-sakayan-paradigm
ունենալ	to have / иметь	frequency top-1000 rank-0006 src-sakayan-vocab
ինչ	what / что	frequency top-1000 rank-0007 src-hand-override
գրել	to write / писать	frequency top-1000 rank-0008 src-sakayan-paradigm
այլ	other / другой	frequency top-1000 rank-0009 src-sakayan-vocab
նա	he, she / он, она	frequency top-1000 rank-0010 src-hand-override
ինչպես	how, as / как	frequency top-1000 rank-0011 src-hand-override
այս	this / этот	frequency top-1000 rank-0012 src-hand-override
լեզու	language / язык	frequency top-1000 rank-0014 src-sakayan-vocab
գալ	to come / приходить	frequency top-1000 rank-0015 src-sakayan-vocab
չէ	no, isn't (it?) / нет, не так ли	frequency top-1000 rank-0016 src-hand-override
շատ	very, much, many / очень, много	frequency top-1000 rank-0017 src-hand-override
էլ	too, also / тоже, также	frequency top-1000 rank-0018 src-sakayan-vocab
ոչ	no, not / нет, не	frequency top-1000 rank-0019 src-hand-override
իր	his/her own (reflexive); thing, item / его/её (свой); вещь	frequency top-1000 rank-0020 src-hand-override
խոսակցական	colloquial / разговорный	frequency top-1000 rank-0021 src-dictionary
այն	that / тот	frequency top-1000 rank-0022 src-hand-override
մեջ [մեչ]	in, inside (տան մեջ — in the house); among / в, внутри; среди	frequency top-1000 rank-0023 src-hand-override
տալ	to give / давать	frequency top-1000 rank-0024 src-sakayan-paradigm
կամ	or / или	frequency top-1000 rank-0025 src-hand-override
թե	that; whether; or / что; ли; или	frequency top-1000 rank-0026 src-hand-override
այդ [այտ]	that / этот, тот	frequency top-1000 rank-0027 src-hand-override
հայերեն	Armenian / армянский	frequency top-1000 rank-0028 src-hand-override
իսկ	but, and (contrast) / а, же	frequency top-1000 rank-0029 src-hand-override
խոսք	word; speech, talk / слово; речь	frequency top-1000 rank-0030 src-hand-override
նաև	also / также	frequency top-1000 rank-0031 src-hand-override
համար	for (ինձ համար — for me); number / для (послелог); номер	frequency top-1000 rank-0032 src-hand-override
պետք	needed, required / нужный, необходимый	frequency top-1000 rank-0033 src-dictionary
դու	you (sg) / ты	frequency top-1000 rank-0034 src-hand-override
երբ [երփ]	when / когда	frequency top-1000 rank-0035 src-hand-override
նրա	his, her / его, её	frequency top-1000 rank-0036 src-hand-override
բայց	but / но	frequency top-1000 rank-0037 src-hand-override
երևան	Yerevan / Ереван	frequency top-1000 rank-0038 src-dictionary
հետ	with (postposition); back (noun) / с (послелог); назад	frequency top-1000 rank-0039 src-hand-override
ասել	to say / сказать, говорить	frequency top-1000 rank-0040 src-sakayan-vocab
մեկ	one / один	frequency top-1000 rank-0041 src-dictionary
անել	to do / делать	frequency top-1000 rank-0042 src-sakayan-vocab
քանի	how many? / сколько?	frequency top-1000 rank-0043 src-sakayan-vocab
կարող	able, can; capable / способный, может	frequency top-1000 rank-0044 src-hand-override
ավելի	more, beyond / больше, более	frequency top-1000 rank-0045 src-dictionary
բոլոր	all, every / все	frequency top-1000 rank-0046 src-hand-override
մեծ	big / большой	frequency top-1000 rank-0047 src-sakayan-vocab
նրանք	they / они	frequency top-1000 rank-0048 src-hand-override
մենք	we / мы	frequency top-1000 rank-0049 src-hand-override
ինձ	me / меня, мне	frequency top-1000 rank-0050 src-hand-override
նրան	him, her / его, ему	frequency top-1000 rank-0051 src-hand-override
խոսել	to speak / говорить	frequency top-1000 rank-0052 src-sakayan-vocab
լավ	good / хороший	frequency top-1000 rank-0053 src-sakayan-vocab
որոնք	which, what / которые, какие	frequency top-1000 rank-0054 src-dictionary
դուք	you (pl/formal) / вы	frequency top-1000 rank-0055 src-hand-override
վրա	on, upon, over / на, поверх	frequency top-1000 rank-0056 src-dictionary
մարդ [մարթ]	human being / человек	frequency top-1000 rank-0057 src-sakayan-vocab
քեզ	you (sg, obj) / тебя, тебе	frequency top-1000 rank-0058 src-hand-override
երկու	two / два	frequency top-1000 rank-0059 src-dictionary
ով	who / кто	frequency top-1000 rank-0060 src-hand-override
ուտել	to eat / есть, кушать	frequency top-1000 rank-0061 src-sakayan-paradigm
իմ	my / мой	frequency top-1000 rank-0062 src-hand-override
օրինակ	example; for example (also: օրինակի համար) / пример; например	frequency top-1000 rank-0063 src-hand-override
նրանց	them / их, им	frequency top-1000 rank-0064 src-hand-override
սեր	love (noun) / любовь	frequency top-1000 rank-0065 src-frequency-gap
գրական	literary / литературный	frequency top-1000 rank-0066 src-dictionary
նոր	new / новый	frequency top-1000 rank-0067 src-sakayan-vocab
ամեն	every / каждый	frequency top-1000 rank-0068 src-hand-override
բառ	word / слово	frequency top-1000 rank-0069 src-dictionary
տեսնել	to see / видеть	frequency top-1000 rank-0070 src-sakayan-vocab
այստեղ	here / здесь, тут	frequency top-1000 rank-0071 src-hand-override
բան	thing / вещь	frequency top-1000 rank-0072 src-dictionary
ձեր	your (pl/formal) / ваш	frequency top-1000 rank-0073 src-hand-override
եթե	if / если	frequency top-1000 rank-0074 src-sakayan-vocab
օր	day / день	frequency top-1000 rank-0075 src-sakayan-vocab
առաջ [առաչ]	before, ago; forward / до, тому назад; вперёд	frequency top-1000 rank-0076 src-hand-override
այո	yes / да	frequency top-1000 rank-0077 src-hand-override
սա	this (one) / это	frequency top-1000 rank-0078 src-hand-override
տուն	house, home / дом	frequency top-1000 rank-0079 src-hand-override
հայր	father / отец	frequency top-1000 rank-0080 src-sakayan-vocab
հաճախ	often / часто	frequency top-1000 rank-0081 src-sakayan-vocab
տարբեր	different, various / разный, различный	frequency top-1000 rank-0082 src-hand-override
իրենց	their; them (gen/dat of իրենք) / их, им	frequency top-1000 rank-0083 src-hand-override
որտեղ	where / где	frequency top-1000 rank-0084 src-hand-override
հայոց	Armenian / армянский	frequency top-1000 rank-0085 src-dictionary
վազել	to run / бежать	frequency top-1000 rank-0086 src-dictionary
հայ	Armenian / армянин, армянский	frequency top-1000 rank-0087 src-dictionary
մասին	about, concerning (postposition) / о, про	frequency top-1000 rank-0088 src-hand-override
ժամ	hour / час	frequency top-1000 rank-0089 src-dictionary
կողմ	side, direction; party / сторона; направление	frequency top-1000 rank-0090 src-hand-override
ժամանակ	time, period / время	frequency top-1000 rank-0091 src-frequency-gap
մյուս	other / другой	frequency top-1000 rank-0092 src-sakayan-vocab
մոտ	near, close to / рядом, около	frequency top-1000 rank-0093 src-frequency-gap
ուզել	to want, wish, desire / хотеть, желать	frequency top-1000 rank-0094 src-dictionary
քաղաք	city / город	frequency top-1000 rank-0095 src-sakayan-vocab
գիտենալ	to know / знать	frequency top-1000 rank-0096 src-sakayan-vocab
ըստ	according to / согласно, по	frequency top-1000 rank-0097 src-dictionary
այսօր	today / сегодня	frequency top-1000 rank-0098 src-sakayan-vocab
չէր	wasn't / не был(-а)	frequency top-1000 rank-0099 src-hand-override
հայաստան	Armenia / Армения	frequency top-1000 rank-0100 src-hand-override
մայր	mother / мать	frequency top-1000 rank-0101 src-sakayan-vocab
առաջին [առաչին]	first, earliest / первый	frequency top-1000 rank-0102 src-dictionary
անուն	name / имя	frequency top-1000 rank-0103 src-sakayan-vocab
կա	(there) is, exists / есть, имеется	frequency top-1000 rank-0104 src-hand-override
տեղ	place, location, locality, position / место, местоположение	frequency top-1000 rank-0105 src-dictionary
նստել	to sit down / садиться	frequency top-1000 rank-0106 src-sakayan-paradigm
դուրս	out, outside / снаружи, наружу	frequency top-1000 rank-0107 src-hand-override
ընկնել	to fall / падать	frequency top-1000 rank-0108 src-sakayan-vocab
երբեմն	sometimes, occasionally / иногда	frequency top-1000 rank-0109 src-dictionary
նման	similar, like, resembling / похожий, подобный	frequency top-1000 rank-0110 src-dictionary
քո	your (sg) / твой	frequency top-1000 rank-0111 src-hand-override
միջոց [միչոց]	means, method / средство, способ	frequency top-1000 rank-0112 src-dictionary
տարի	year / год	frequency top-1000 rank-0113 src-hand-override
ում	whom; whose; to whom (gen/dat/acc of ով) / кому, чей, кого	frequency top-1000 rank-0114 src-hand-override
սխալ	wrong, incorrect / неправильный, ошибочный	frequency top-1000 rank-0115 src-dictionary
բերել	to bring, to fetch / приносить	frequency top-1000 rank-0116 src-sakayan-vocab
ձեռք	hand / рука	frequency top-1000 rank-0117 src-sakayan-vocab
հետո	after, then / после, потом	frequency top-1000 rank-0118 src-sakayan-vocab
ալ	also, too (W. Arm. / dialectal, = էл) / тоже, и	frequency top-1000 rank-0119 src-hand-override
իմաստ	sense, meaning / смысл, значение	frequency top-1000 rank-0121 src-hand-override
ուր	where / где, куда	frequency top-1000 rank-0122 src-dictionary
թագավոր	king / король	frequency top-1000 rank-0123 src-dictionary
նախադասություն	sentence / предложение	frequency top-1000 rank-0124 src-dictionary
դառնալ	to become, to turn / становиться, превращаться	frequency top-1000 rank-0125 src-sakayan-vocab
առնել	to take, to buy / брать, покупать	frequency top-1000 rank-0126 src-hand-override
սակայն	however, but, yet / однако, но	frequency top-1000 rank-0127 src-hand-override
գիրք	book / книга	frequency top-1000 rank-0128 src-dictionary
բառապաշար	vocabulary / словарный запас, лексика	frequency top-1000 rank-0129 src-dictionary
կան	there are / есть, имеются	frequency top-1000 rank-0130 src-sakayan-vocab
գնալ	to go / идти, ходить	frequency top-1000 rank-0131 src-sakayan-vocab
ինչու	why / почему	frequency top-1000 rank-0132 src-hand-override
ապա	then, after that / потом, затем	frequency top-1000 rank-0133 src-frequency-gap
դրանք	those; they (inanimate) / те; они	frequency top-1000 rank-0134 src-hand-override
ժամանակակից	contemporary / современный	frequency top-1000 rank-0135 src-dictionary
լեզվական	linguistic / языковой, лингвистический	frequency top-1000 rank-0136 src-dictionary
փոքր	small / маленький	frequency top-1000 rank-0137 src-sakayan-vocab
իրար	each other / друг друга	frequency top-1000 rank-0138 src-sakayan-vocab
երևույթ	phenomenon; appearance (բնական երևույթ) / явление	frequency top-1000 rank-0139 src-hand-override
հասարակական	social; public; common / общественный; публичный; общий	frequency top-1000 rank-0140 src-dictionary
արդեն [արթեն]	already / уже	frequency top-1000 rank-0141 src-sakayan-vocab
ուրիշ	other, different / другой	frequency top-1000 rank-0142 src-hand-override
հազար	thousand / тысяча	frequency top-1000 rank-0143 src-hand-override
մինչև	until, till; up to / до, вплоть до	frequency top-1000 rank-0144 src-hand-override
կրթություն	education / образование	frequency top-1000 rank-0145 src-dictionary
գլուխ	head / голова	frequency top-1000 rank-0146 src-sakayan-vocab
ձեզ	you (pl/formal, obj) / вас, вам	frequency top-1000 rank-0147 src-hand-override
տվյալ	given, this; data (pl. տվյալներ) / данный; данные	frequency top-1000 rank-0148 src-hand-override
առօրյա	everyday, daily routine / повседневный, будни	frequency top-1000 rank-0149 src-hand-override
դպրոց	school / школа	frequency top-1000 rank-0150 src-sakayan-vocab
նույն	same / тот же, одинаковый	frequency top-1000 rank-0151 src-dictionary
վեր	up, upward; upper part / вверх; верх	frequency top-1000 rank-0152 src-hand-override
որևէ	any / какой-либо, любой	frequency top-1000 rank-0153 src-dictionary
հայկական	Armenian (adjective) / армянский	frequency top-1000 rank-0154 src-sakayan-vocab
միշտ	always / всегда	frequency top-1000 rank-0155 src-dictionary
միայն	only / только	frequency top-1000 rank-0156 src-hand-override
որոշ	some, certain / некоторый	frequency top-1000 rank-0157 src-hand-override
արտահայտել	to express / выражать	frequency top-1000 rank-0158 src-hand-override
բնորոշ	characteristic, typical / характерный, типичный	frequency top-1000 rank-0159 src-dictionary
քույր	sister / сестра	frequency top-1000 rank-0160 src-sakayan-vocab
որոնց	of which / которых	frequency top-1000 rank-0161 src-sakayan-vocab
որպես	as, like / как, в качестве	frequency top-1000 rank-0162 src-hand-override
բժիշկ	doctor, physician / врач, доктор	frequency top-1000 rank-0163 src-sakayan-vocab
մեզ	us / нас, нам	frequency top-1000 rank-0164 src-hand-override
լսել	to hear, to listen; to obey / слышать, слушать; слушаться	frequency top-1000 rank-0165 src-hand-override
ճիշտ	right, correct / правильный, верный	frequency top-1000 rank-0166 src-dictionary
նամակ	letter / письмо	frequency top-1000 rank-0167 src-sakayan-vocab
հիմա	now / сейчас	frequency top-1000 rank-0168 src-hand-override
օտար	foreign / чужой, иностранный	frequency top-1000 rank-0169 src-sakayan-vocab
արև	sun / солнце	frequency top-1000 rank-0170 src-sakayan-vocab
աշխարհ	world, universe / мир, вселенная	frequency top-1000 rank-0171 src-dictionary
երեք	three / три	frequency top-1000 rank-0172 src-dictionary
տանել	to take / нести, везти, относить	frequency top-1000 rank-0173 src-sakayan-vocab
երեխա	child / ребёнок	frequency top-1000 rank-0174 src-sakayan-vocab
դնել	to put, to place / класть, ставить	frequency top-1000 rank-0176 src-sakayan-vocab
այնտեղ	there / там	frequency top-1000 rank-0177 src-hand-override
որքան	how much, as much as / сколько, насколько	frequency top-1000 rank-0178 src-frequency-gap
անվանի	famous, renowned / знаменитый, именитый	frequency top-1000 rank-0179 src-hand-override
խաղալ	to play / играть	frequency top-1000 rank-0180 src-dictionary
անգամ [անքամ]	time, instance; even / раз; даже	frequency top-1000 rank-0181 src-hand-override
խնդրեմ [խնթրեմ]	please; you're welcome / пожалуйста	frequency top-1000 rank-0182 src-hand-override
կարելի	possible / можно, возможно	frequency top-1000 rank-0183 src-dictionary
կյանք	life / жизнь	frequency top-1000 rank-0184 src-frequency-gap
սովորել	to learn / учиться, учить	frequency top-1000 rank-0185 src-sakayan-vocab
աչք	eye / глаз	frequency top-1000 rank-0186 src-sakayan-vocab
դա	that (one) / то	frequency top-1000 rank-0187 src-hand-override
էջ	page / страница	frequency top-1000 rank-0188 src-dictionary
փոխարեն	instead of (իմ փոխարեն — instead of me) / вместо	frequency top-1000 rank-0189 src-hand-override
գեղեցիկ	beautiful / красивый	frequency top-1000 rank-0190 src-sakayan-vocab
ապրել	to live / жить	frequency top-1000 rank-0191 src-sakayan-vocab
ընկեր	friend / друг	frequency top-1000 rank-0192 src-hand-override
ան	he, she / он, она	frequency top-1000 rank-0193 src-dictionary
մաս	part, piece; bit, morsel / часть, кусок; кусочек	frequency top-1000 rank-0194 src-dictionary
կարևոր	important / важный	frequency top-1000 rank-0195 src-sakayan-vocab
կին	woman / женщина	frequency top-1000 rank-0196 src-dictionary
գործ	work, business, matter / дело, работа	frequency top-1000 rank-0198 src-frequency-gap
առանց	without / без	frequency top-1000 rank-0199 src-dictionary
կիրառություն	use, application / применение	frequency top-1000 rank-0200 src-hand-override
դեռ	still, yet / ещё, пока	frequency top-1000 rank-0201 src-sakayan-vocab
դեմք	face / лицо	frequency top-1000 rank-0202 src-sakayan-vocab
քիչ	little, few / мало	frequency top-1000 rank-0203 src-hand-override
պես	like / как, подобно	frequency top-1000 rank-0204 src-sakayan-vocab
ռուսերեն	Russian / русский (язык)	frequency top-1000 rank-0205 src-dictionary
լալ	to cry, to weep / плакать, рыдать	frequency top-1000 rank-0206 src-hand-override
տիկին	Mrs., madam / госпожа, мадам	frequency top-1000 rank-0207 src-sakayan-vocab
աղջիկ [աղչիկ]	girl / девочка, девушка	frequency top-1000 rank-0208 src-sakayan-vocab
երկար	long / длинный, долгий	frequency top-1000 rank-0209 src-dictionary
արտահայտություն	expression / выражение	frequency top-1000 rank-0210 src-dictionary
բանավոր	oral, verbal / устный	frequency top-1000 rank-0211 src-dictionary
այսպես	thus, like this / так, вот так	frequency top-1000 rank-0212 src-hand-override
հարյուր	hundred / сто	frequency top-1000 rank-0213 src-dictionary
համալսարան	university / университет	frequency top-1000 rank-0214 src-dictionary
նշել	to mark, to note / отмечать, помечать	frequency top-1000 rank-0215 src-dictionary
աշակերտ	pupil (male) / ученик	frequency top-1000 rank-0216 src-sakayan-vocab
երիտասարդ [երիտասարթ]	young (man) / молодой (человек)	frequency top-1000 rank-0217 src-sakayan-vocab
վատ	bad / плохой	frequency top-1000 rank-0218 src-dictionary
դեմ	against; opposite (postposition) / против	frequency top-1000 rank-0219 src-hand-override
գործածություն	use, usage / употребление	frequency top-1000 rank-0220 src-hand-override
ոճական	stylistic / стилистический	frequency top-1000 rank-0221 src-hand-override
հիմնականում	mainly, basically / в основном, главным образом	frequency top-1000 rank-0222 src-hand-override
հին	old / старый	frequency top-1000 rank-0223 src-sakayan-vocab
մնալ	to remain, stay / оставаться	frequency top-1000 rank-0224 src-sakayan-vocab
ամբողջ [ամբողչ]	entire / весь, целый	frequency top-1000 rank-0225 src-sakayan-vocab
դուռ	door / дверь	frequency top-1000 rank-0226 src-dictionary
կոչվել	to be called, be named / называться	frequency top-1000 rank-0228 src-hand-override
յուրաքանչյուր	each, every / каждый	frequency top-1000 rank-0229 src-dictionary
հատկապես	especially / особенно	frequency top-1000 rank-0231 src-dictionary
հարցնել	to ask / спрашивать	frequency top-1000 rank-0232 src-sakayan-vocab
այսինքն	i.e., namely / то есть, а именно	frequency top-1000 rank-0233 src-sakayan-vocab
տարեկան	annual; -years-old / годовой; -летний	frequency top-1000 rank-0234 src-hand-override
չկա	(there) isn't, doesn't exist / нет, не имеется	frequency top-1000 rank-0235 src-hand-override
տակ	under, beneath (postposition); bottom / под; низ	frequency top-1000 rank-0236 src-hand-override
ընդհանուր	general, universal, common / общий, всеобщий	frequency top-1000 rank-0237 src-dictionary
թվական	date, year / дата, год	frequency top-1000 rank-0238 src-sakayan-vocab
հագուստ [հաքուստ]	clothing / одежда	frequency top-1000 rank-0239 src-sakayan-vocab
այնքան	so / так, настолько	frequency top-1000 rank-0240 src-sakayan-vocab
չորս	four / четыре	frequency top-1000 rank-0241 src-dictionary
ուսանող	university student / студент	frequency top-1000 rank-0242 src-dictionary
խմել	to drink / пить	frequency top-1000 rank-0243 src-dictionary
լույս	light / свет	frequency top-1000 rank-0244 src-dictionary
հատուկ	special / особый, специальный	frequency top-1000 rank-0245 src-sakayan-vocab
հավանել	to like, to approve; to agree / нравиться, одобрять	frequency top-1000 rank-0246 src-hand-override
բազմաթիվ	numerous, many / многочисленный, многие	frequency top-1000 rank-0247 src-dictionary
պետական	state; national; public / государственный; национальный; общественный	frequency top-1000 rank-0248 src-dictionary
հիմնական	basic, fundamental / основной, фундаментальный	frequency top-1000 rank-0249 src-dictionary
ձև	form; shape; pattern / форма; вид; образец	frequency top-1000 rank-0250 src-dictionary
կես	half / половина	frequency top-1000 rank-0251 src-dictionary
չափ	measure, size / мера, размер	frequency top-1000 rank-0252 src-sakayan-vocab
հինգ	five / пять	frequency top-1000 rank-0253 src-dictionary
եղբայր	brother / брат	frequency top-1000 rank-0254 src-dictionary
արա	hey, dude (voc.); do! (imp. of անել; մի՛ արա = don't) / эй, чувак; делай!	frequency top-1000 rank-0255 src-hand-override
նշանակել	to mean / значить, обозначать	frequency top-1000 rank-0256 src-hand-override
վերջին [վերչին]	last, final / последний	frequency top-1000 rank-0257 src-dictionary
եղանակ	weather / погода	frequency top-1000 rank-0258 src-dictionary
այսպիսի	such; such a; of this kind; like this / такой, подобный	frequency top-1000 rank-0259 src-dictionary
գիշեր	night / ночь	frequency top-1000 rank-0260 src-frequency-gap
աշխատանք	work, labor / работа, труд	frequency top-1000 rank-0261 src-dictionary
այդպես	thus, like that / так, вот так	frequency top-1000 rank-0262 src-hand-override
նպատակ	aim / цель	frequency top-1000 rank-0263 src-dictionary
բարբառ	dialect / диалект	frequency top-1000 rank-0264 src-dictionary
մասնագիտական	professional / профессиональный	frequency top-1000 rank-0266 src-dictionary
անգլերեն	English / английский	frequency top-1000 rank-0267 src-hand-override
հասկանալ	understand / понимать	frequency top-1000 rank-0268 src-sakayan-vocab
դժվար	hard, difficult, challenging / трудный, тяжёлый	frequency top-1000 rank-0269 src-dictionary
հոգնել [հոքնել]	to get tired / уставать	frequency top-1000 rank-0270 src-sakayan-paradigm
հիվանդ	sick, ill, diseased / больной	frequency top-1000 rank-0271 src-dictionary
դեր	role / роль	frequency top-1000 rank-0272 src-dictionary
անդամ	member; limb / член; конечность	frequency top-1000 rank-0273 src-hand-override
նկատմամբ	towards, regarding, concerning / по отношению к, относительно	frequency top-1000 rank-0274 src-dictionary
երկիր	country / страна	frequency top-1000 rank-0276 src-sakayan-vocab
հայտնի	well-known / известный	frequency top-1000 rank-0277 src-sakayan-vocab
աշխատել	to work / работать	frequency top-1000 rank-0278 src-hand-override
սիրտ	heart / сердце	frequency top-1000 rank-0279 src-dictionary
թողնել	to leave, allow (colloq: թողել) / оставить, разрешать	frequency top-1000 rank-0280 src-hand-override
շուն	dog / собака	frequency top-1000 rank-0281 src-dictionary
այնպես	so, that way / так, таким образом	frequency top-1000 rank-0282 src-dictionary
հա	yeah, yes / да, ага	frequency top-1000 rank-0283 src-hand-override
այժմ	now, at present, at this moment in time / сейчас, в настоящее время	frequency top-1000 rank-0284 src-dictionary
կիրառվել	to be applied, used / применяться	frequency top-1000 rank-0285 src-hand-override
առանձին	separate, single / отдельный, особый	frequency top-1000 rank-0286 src-sakayan-vocab
դեպի	towards, to / к, в направлении	frequency top-1000 rank-0287 src-sakayan-vocab
բարի	kind / добрый	frequency top-1000 rank-0288 src-sakayan-vocab
նորից	again / снова, опять	frequency top-1000 rank-0290 src-sakayan-vocab
գտնել	to find / находить	frequency top-1000 rank-0291 src-sakayan-vocab
լայն	wide / широкий	frequency top-1000 rank-0292 src-sakayan-vocab
ներս	in, inside (ներս մտնել — to enter) / внутрь, внутри	frequency top-1000 rank-0293 src-hand-override
շաբաթ [շափաթ]	week; Saturday / неделя; суббота	frequency top-1000 rank-0294 src-hand-override
հաց	bread / хлеб	frequency top-1000 rank-0295 src-dictionary
դուր գալ	(in դուր գալ) to please, to be liked / (դուր գալ) нравиться	frequency top-1000 rank-0296 src-hand-override
անց	passage, pass, passageway / проход, переход	frequency top-1000 rank-0297 src-dictionary
բաց	open, not closed / открытый	frequency top-1000 rank-0298 src-dictionary
հարց	question / вопрос	frequency top-1000 rank-0299 src-dictionary
ժողովուրդ	nation, people, folk / народ	frequency top-1000 rank-0300 src-dictionary
ընթացքում	during	frequency top-1000 rank-0301 src-dictionary
պատմություն	story	frequency top-1000 rank-0302 src-sakayan-vocab
տասը	ten	frequency top-1000 rank-0303 src-dictionary
ցույց	demonstration, manifestation, rally	frequency top-1000 rank-0304 src-dictionary
հեռու	far, distant, remote	frequency top-1000 rank-0305 src-dictionary
քան	than	frequency top-1000 rank-0306 src-dictionary
առարկա	object; thing	frequency top-1000 rank-0309 src-dictionary
վերաբերմունք	attitude / отношение	frequency top-1000 rank-0310 src-hand-override
որոշակի	certain, clear	frequency top-1000 rank-0311 src-dictionary
ինչպիսի	what a ...!	frequency top-1000 rank-0312 src-sakayan-vocab
անտառ	forest	frequency top-1000 rank-0313 src-sakayan-vocab
սեղան	table	frequency top-1000 rank-0314 src-dictionary
ջուր	water	frequency top-1000 rank-0315 src-dictionary
ուրախ	happy, glad, cheerful	frequency top-1000 rank-0316 src-dictionary
չէիր	weren't (2sg) / ты не был(-а)	frequency top-1000 rank-0317 src-hand-override
ևս	more, more than	frequency top-1000 rank-0318 src-dictionary
միջև [միչև]	among, between	frequency top-1000 rank-0319 src-dictionary
պատճառով	by reason of, because of	frequency top-1000 rank-0320 src-dictionary
հանդես	festival, celebrations, festivities	frequency top-1000 rank-0321 src-dictionary
դարձնել	to make, turn (sth) into / превратить, делать	frequency top-1000 rank-0322 src-hand-override
այնպիսի	such, suchlike	frequency top-1000 rank-0323 src-dictionary
պայմանավորված	conditioned by, due to / обусловленный	frequency top-1000 rank-0324 src-hand-override
մի քիչ	a little, a bit / немного, чуть-чуть	frequency top-1000 rank-0325 src-hand-override
կտոր	piece	frequency top-1000 rank-0326 src-sakayan-vocab
ծառ	tree	frequency top-1000 rank-0327 src-sakayan-vocab
անցնել	to surpass	frequency top-1000 rank-0328 src-sakayan-vocab
մտնել	to enter	frequency top-1000 rank-0329 src-sakayan-vocab
արի	come! (imp. of գալ) / иди!	frequency top-1000 rank-0330 src-hand-override
մատիտ	pencil	frequency top-1000 rank-0331 src-dictionary
տղա	boy	frequency top-1000 rank-0332 src-dictionary
չէիք	weren't (2pl/formal) / вы не были	frequency top-1000 rank-0333 src-hand-override
պարզ	not clouded, clear, serene	frequency top-1000 rank-0334 src-dictionary
կապ	tie, bond	frequency top-1000 rank-0335 src-dictionary
խելք	brains; mind; wit, intellect; intelligence	frequency top-1000 rank-0336 src-dictionary
միավոր	unit / единица	frequency top-1000 rank-0337 src-hand-override
կազմել	to compose, form, put together	frequency top-1000 rank-0338 src-dictionary
գրավոր	written	frequency top-1000 rank-0339 src-dictionary
ավելորդ	superfluous	frequency top-1000 rank-0340 src-dictionary
վախենալ	to fear	frequency top-1000 rank-0342 src-sakayan-vocab
կենդանի [կենթանի]	animal	frequency top-1000 rank-0343 src-sakayan-vocab
կարծել	to believe, think, judge, consider, suppose	frequency top-1000 rank-0344 src-dictionary
թատրոն	theater	frequency top-1000 rank-0345 src-dictionary
թվել	to seem / казаться	frequency top-1000 rank-0346 src-hand-override
անձրև	rain	frequency top-1000 rank-0347 src-dictionary
երկրորդ	second	frequency top-1000 rank-0348 src-dictionary
գտնվել	to be located, be found / находиться	frequency top-1000 rank-0349 src-hand-override
որովհետև	because, since	frequency top-1000 rank-0350 src-dictionary
տարբերություն	difference	frequency top-1000 rank-0351 src-dictionary
կերպ	method, way, mode, manner	frequency top-1000 rank-0352 src-dictionary
ուստի	wherefrom, whence	frequency top-1000 rank-0353 src-dictionary
բարբառային	dialectal	frequency top-1000 rank-0354 src-dictionary
ամառ	summer	frequency top-1000 rank-0355 src-sakayan-vocab
տվեց	gave (3sg aor of տալ) / дал(-а)	frequency top-1000 rank-0356 src-hand-override
բարձր [բարցր]	high	frequency top-1000 rank-0357 src-sakayan-vocab
ստանալ	to receive	frequency top-1000 rank-0358 src-sakayan-vocab
ձյուն	snow	frequency top-1000 rank-0359 src-sakayan-vocab
փողոց	street	frequency top-1000 rank-0360 src-sakayan-vocab
գյուղ	village	frequency top-1000 rank-0361 src-sakayan-vocab
բարև	hello / привет	frequency top-1000 rank-0362 src-hand-override
ահա	here, behold / вот, гляди	frequency top-1000 rank-0363 src-hand-override
կար	seam	frequency top-1000 rank-0364 src-dictionary
գիտություն	science	frequency top-1000 rank-0365 src-dictionary
խնդիր	request	frequency top-1000 rank-0366 src-dictionary
սովորաբար	usually / обычно	frequency top-1000 rank-0367 src-hand-override
միտք	brains, mind, intellect; reflection, thinking	frequency top-1000 rank-0368 src-dictionary
նկատել	to note	frequency top-1000 rank-0370 src-dictionary
հարուստ	rich	frequency top-1000 rank-0371 src-dictionary
նույնիսկ	even	frequency top-1000 rank-0372 src-dictionary
ազգային	national	frequency top-1000 rank-0373 src-dictionary
գործել	to function, work, operate; to act	frequency top-1000 rank-0374 src-dictionary
հակառակ	despite	frequency top-1000 rank-0375 src-sakayan-vocab
րոպե	minute	frequency top-1000 rank-0376 src-dictionary
երեկ	yesterday	frequency top-1000 rank-0377 src-dictionary
ոչինչ	nothing	frequency top-1000 rank-0378 src-dictionary
նախ	first, in the first place, firstly	frequency top-1000 rank-0379 src-dictionary
գետ	knowing, having the knowledge	frequency top-1000 rank-0380 src-dictionary
կանաչ	green	frequency top-1000 rank-0381 src-dictionary
փոխ	loan, borrowing	frequency top-1000 rank-0382 src-dictionary
հաճախակի	frequent	frequency top-1000 rank-0383 src-dictionary
տարածված	common, widespread	frequency top-1000 rank-0384 src-dictionary
հասարակություն	society	frequency top-1000 rank-0385 src-dictionary
ուսումնական	academic, school (related) / учебный, школьный	frequency top-1000 rank-0386 src-hand-override
գարուն	spring	frequency top-1000 rank-0387 src-sakayan-vocab
դիմել	to apply	frequency top-1000 rank-0388 src-sakayan-vocab
ազատ	free	frequency top-1000 rank-0389 src-sakayan-vocab
սպասել	to wait; to expect, await	frequency top-1000 rank-0390 src-dictionary
չէինք	weren't (1pl) / мы не были	frequency top-1000 rank-0391 src-hand-override
պահ	moment, instant / момент, миг	frequency top-1000 rank-0392 src-frequency-gap
տեղի	place	frequency top-1000 rank-0394 src-dictionary
այլև	also, moreover / также, к тому же	frequency top-1000 rank-0395 src-hand-override
շրջան	circle	frequency top-1000 rank-0396 src-dictionary
բնույթ	nature, character	frequency top-1000 rank-0397 src-dictionary
գործածել	to utilize, employ, make use of, use	frequency top-1000 rank-0398 src-dictionary
քերականական	grammatical	frequency top-1000 rank-0399 src-dictionary
հատկանիշ	characteristic, distinctive, peculiar, idiosyncratic	frequency top-1000 rank-0400 src-dictionary
գույն	color	frequency top-1000 rank-0401 src-sakayan-vocab
կարմիր	red	frequency top-1000 rank-0402 src-sakayan-vocab
ոտք	foot, leg	frequency top-1000 rank-0404 src-sakayan-vocab
ուժ	strength	frequency top-1000 rank-0405 src-sakayan-vocab
պահել	to keep	frequency top-1000 rank-0406 src-sakayan-vocab
պատճառ	reason, cause	frequency top-1000 rank-0407 src-dictionary
ասա	say! (imp. of ասել) / скажи!	frequency top-1000 rank-0408 src-hand-override
սուրբ	holy, sacred	frequency top-1000 rank-0409 src-dictionary
ձուկ	fish	frequency top-1000 rank-0410 src-dictionary
երգել	to sing	frequency top-1000 rank-0411 src-dictionary
երես	face	frequency top-1000 rank-0412 src-dictionary
թեև	although, though	frequency top-1000 rank-0413 src-dictionary
անցյալ	past, last	frequency top-1000 rank-0414 src-dictionary
ոճ	style, manner	frequency top-1000 rank-0415 src-dictionary
հուզված	agitated, moved, emotional / взволнованный	frequency top-1000 rank-0416 src-hand-override
առավել	more, much, far	frequency top-1000 rank-0417 src-dictionary
անընդհատ	continuous, uninterrupted, unbroken, continual, unceasing	frequency top-1000 rank-0418 src-dictionary
անհրաժեշտ	necessary, required	frequency top-1000 rank-0419 src-dictionary
թիվ	number	frequency top-1000 rank-0420 src-dictionary
գիտական	scientific	frequency top-1000 rank-0421 src-dictionary
փորձել [փորցել]	to try	frequency top-1000 rank-0422 src-sakayan-vocab
ձմեռ	winter	frequency top-1000 rank-0423 src-sakayan-vocab
տաք	warm	frequency top-1000 rank-0424 src-sakayan-vocab
կատարել	to perform	frequency top-1000 rank-0425 src-sakayan-vocab
արագ	fast, quick	frequency top-1000 rank-0426 src-sakayan-vocab
դաս	class; category; order	frequency top-1000 rank-0427 src-dictionary
ճաշ	dinner	frequency top-1000 rank-0428 src-dictionary
վիճակ	state, condition	frequency top-1000 rank-0429 src-dictionary
երգ	song	frequency top-1000 rank-0430 src-dictionary
կարգ	system, order, rank, class; category	frequency top-1000 rank-0431 src-dictionary
հենց	exactly, just / именно, как раз	frequency top-1000 rank-0433 src-hand-override
ուսումնասիրություն	research, study, survey	frequency top-1000 rank-0434 src-dictionary
իրողություն	reality	frequency top-1000 rank-0435 src-dictionary
հետևյալ	following	frequency top-1000 rank-0436 src-dictionary
ժողովրդախոսակցական	vernacular, colloquial / народно-разговорный	frequency top-1000 rank-0437 src-hand-override
կրթական	educational	frequency top-1000 rank-0438 src-dictionary
խումբ	group	frequency top-1000 rank-0439 src-sakayan-vocab
պատասխանել	to answer	frequency top-1000 rank-0440 src-sakayan-vocab
բռնել	to hold	frequency top-1000 rank-0441 src-sakayan-vocab
սիրել	to love, to like	frequency top-1000 rank-0442 src-sakayan-vocab
դրա	of that / того	frequency top-1000 rank-0443 src-hand-override
ուսուցիչ	teacher	frequency top-1000 rank-0444 src-sakayan-vocab
կախվել	to hang	frequency top-1000 rank-0445 src-sakayan-vocab
փոքրիկ	small	frequency top-1000 rank-0446 src-sakayan-vocab
նկար	picture, drawing, painting; image	frequency top-1000 rank-0447 src-dictionary
կողք	side, flank	frequency top-1000 rank-0448 src-dictionary
գրադարան	library	frequency top-1000 rank-0449 src-dictionary
գնա	go! (imp. of գնալ) / иди!	frequency top-1000 rank-0450 src-hand-override
մտածել	to think	frequency top-1000 rank-0451 src-dictionary
առ	plunder, pillage	frequency top-1000 rank-0452 src-dictionary
այլևս	no longer, not anymore	frequency top-1000 rank-0453 src-dictionary
մամուլ	pressing machine, press	frequency top-1000 rank-0454 src-dictionary
ոչ միայն	not only / не только	frequency top-1000 rank-0455 src-hand-override
տաճար	temple, cathedral, sanctuary	frequency top-1000 rank-0457 src-dictionary
մի շարք	a series, a number of / ряд, несколько	frequency top-1000 rank-0458 src-hand-override
կառույց	structure	frequency top-1000 rank-0459 src-dictionary
տարբերակ	variant, version, variety	frequency top-1000 rank-0460 src-dictionary
վեզիր	vizier	frequency top-1000 rank-0461 src-dictionary
հնչյուն	sound	frequency top-1000 rank-0462 src-dictionary
ձայնավոր	vowel	frequency top-1000 rank-0463 src-dictionary
ստեղծել	to create	frequency top-1000 rank-0464 src-sakayan-vocab
հիանալի	wonderful	frequency top-1000 rank-0465 src-sakayan-vocab
բերան	mouth	frequency top-1000 rank-0466 src-sakayan-vocab
հանել	take off	frequency top-1000 rank-0467 src-sakayan-vocab
միասին	together	frequency top-1000 rank-0468 src-dictionary
կամաց	slow	frequency top-1000 rank-0469 src-dictionary
ծաղիկ	flower	frequency top-1000 rank-0470 src-sakayan-vocab
ոսկի	gold(en)	frequency top-1000 rank-0471 src-sakayan-vocab
շուտ	soon, quickly, early / скоро, быстро, рано	frequency top-1000 rank-0472 src-hand-override
վաղը	tomorrow	frequency top-1000 rank-0473 src-dictionary
դրամ	money	frequency top-1000 rank-0474 src-dictionary
երեկո	evening	frequency top-1000 rank-0475 src-dictionary
յոթ	seven	frequency top-1000 rank-0476 src-dictionary
բա	well, what about / ну, а как же	frequency top-1000 rank-0477 src-hand-override
ծով	sea	frequency top-1000 rank-0478 src-dictionary
լի	full , packed	frequency top-1000 rank-0479 src-dictionary
սուրճ	coffee	frequency top-1000 rank-0480 src-dictionary
մայրենի	maternal	frequency top-1000 rank-0481 src-dictionary
քար	hard, strong, solid	frequency top-1000 rank-0482 src-dictionary
աստված	god	frequency top-1000 rank-0483 src-dictionary
մեկին	clear, explained, intelligible	frequency top-1000 rank-0484 src-dictionary
բարձրագույն	highest, supreme	frequency top-1000 rank-0485 src-dictionary
հող	earth	frequency top-1000 rank-0486 src-dictionary
բավական	enough, sufficient	frequency top-1000 rank-0487 src-dictionary
որդի [որթի]	son	frequency top-1000 rank-0488 src-sakayan-vocab
հեռանալ	to go away	frequency top-1000 rank-0489 src-sakayan-vocab
կրկին	again	frequency top-1000 rank-0490 src-sakayan-vocab
սկսել	to start	frequency top-1000 rank-0491 src-sakayan-vocab
թող	let (him/it/them); may / пусть	frequency top-1000 rank-0492 src-hand-override
ցանկանալ	to wish	frequency top-1000 rank-0493 src-sakayan-vocab
գրականություն	literature	frequency top-1000 rank-0494 src-dictionary
խնդրել	to request, to ask	frequency top-1000 rank-0495 src-dictionary
բարով	with pleasure, with love, willingly	frequency top-1000 rank-0496 src-dictionary
ուրեմն	so, then / значит, итак	frequency top-1000 rank-0497 src-hand-override
ցավել	to ache, to hurt	frequency top-1000 rank-0498 src-dictionary
ծանր	heavy	frequency top-1000 rank-0499 src-dictionary
քամի	wind	frequency top-1000 rank-0500 src-dictionary
ֆրանսիա	France	frequency top-1000 rank-0501 src-dictionary
ելնել	to go out, to rise / выходить, подниматься	frequency top-1000 rank-0502 src-hand-override
մանուկ	baby, infant; child	frequency top-1000 rank-0503 src-dictionary
ձայն	sound	frequency top-1000 rank-0504 src-dictionary
պակաս	incomplete; missing; insufficient	frequency top-1000 rank-0505 src-dictionary
հանդիպում	meeting, encounter	frequency top-1000 rank-0506 src-dictionary
հետևանք	consequence	frequency top-1000 rank-0508 src-dictionary
հասնել	to reach	frequency top-1000 rank-0509 src-dictionary
կենտրոն	center	frequency top-1000 rank-0510 src-dictionary
գոյական	noun (grammatical term) / существительное	frequency top-1000 rank-0511 src-hand-override
միջին [միչին]	middle	frequency top-1000 rank-0512 src-dictionary
իշխան	prince, ruler, ishkhan	frequency top-1000 rank-0513 src-dictionary
բաղաձայն	consonant	frequency top-1000 rank-0514 src-dictionary
առանձնահատկություն	peculiarity, distinctive feature / особенность	frequency top-1000 rank-0515 src-hand-override
հանրակրթական	general-education, public-school / общеобразовательный	frequency top-1000 rank-0516 src-hand-override
հնարավորություն	chance	frequency top-1000 rank-0517 src-sakayan-vocab
ծեր	old	frequency top-1000 rank-0518 src-sakayan-vocab
թույլ	weak	frequency top-1000 rank-0519 src-sakayan-vocab
ազգանուն	surname / фамилия	frequency top-1000 rank-0520 src-hand-override
դասարան	classroom, schoolroom	frequency top-1000 rank-0521 src-dictionary
իհարկե	of course / конечно, разумеется	frequency top-1000 rank-0522 src-ghamoyan-filler
պարոն	paron, baron	frequency top-1000 rank-0523 src-dictionary
անշուշտ	certainly, undoubtedly / конечно, безусловно	frequency top-1000 rank-0524 src-hand-override
վեց	six	frequency top-1000 rank-0525 src-dictionary
կարծիք	opinion	frequency top-1000 rank-0526 src-dictionary
տարիք	age	frequency top-1000 rank-0527 src-dictionary
հյուր	guest, visitor	frequency top-1000 rank-0528 src-dictionary
երրորդ [երրորթ]	thirdly	frequency top-1000 rank-0529 src-dictionary
ծնվել	to be born / родиться	frequency top-1000 rank-0530 src-hand-override
նույնպես	also, too, as well	frequency top-1000 rank-0531 src-dictionary
սև	black	frequency top-1000 rank-0533 src-dictionary
հիշել	to remember; to recall	frequency top-1000 rank-0534 src-dictionary
ընտանիք	family	frequency top-1000 rank-0535 src-dictionary
շնորհիվ	thanks to, owing to, due to	frequency top-1000 rank-0536 src-dictionary
վեպ	novel; romance	frequency top-1000 rank-0537 src-dictionary
բայ	verb	frequency top-1000 rank-0538 src-dictionary
հնարավոր	possible	frequency top-1000 rank-0539 src-dictionary
հաստատություն	firmness, sturdiness, hardness	frequency top-1000 rank-0540 src-dictionary
արժեք	value, worth, cost, price	frequency top-1000 rank-0541 src-dictionary
փոխառություն	loan	frequency top-1000 rank-0542 src-dictionary
մակարդակ	level	frequency top-1000 rank-0543 src-dictionary
նյութ	matter, substance; material, stuff	frequency top-1000 rank-0544 src-dictionary
ժարգոն	jargon	frequency top-1000 rank-0545 src-dictionary
ֆրանսերեն	French / французский	frequency top-1000 rank-0546 src-hand-override
օդ [օթ]	air	frequency top-1000 rank-0547 src-sakayan-vocab
հայացք	look, glance, gaze	frequency top-1000 rank-0548 src-dictionary
ամեն ինչ	everything / всё	frequency top-1000 rank-0549 src-hand-override
ութ	eight	frequency top-1000 rank-0550 src-dictionary
պատրաստ	prepared, ready	frequency top-1000 rank-0551 src-dictionary
ցավ	pain, ache	frequency top-1000 rank-0552 src-dictionary
օգնել [օքնել]	to help, to assist, to aid	frequency top-1000 rank-0553 src-dictionary
ռուսաստան	Russia / Россия	frequency top-1000 rank-0554 src-hand-override
ճանապարհ	road, path, way, route	frequency top-1000 rank-0555 src-dictionary
զարկել	to hit, to strike / ударить, бить	frequency top-1000 rank-0556 src-hand-override
ռուս	Russian	frequency top-1000 rank-0557 src-dictionary
գառ	lamb	frequency top-1000 rank-0558 src-dictionary
սենյակ	room	frequency top-1000 rank-0559 src-dictionary
ակ	spring, fountain, source of water	frequency top-1000 rank-0560 src-dictionary
ճանաչում	recognition	frequency top-1000 rank-0561 src-dictionary
վաղուց	a long time ago, long ago	frequency top-1000 rank-0563 src-dictionary
երբեք	never	frequency top-1000 rank-0564 src-dictionary
դար	century, 100 years	frequency top-1000 rank-0565 src-dictionary
վազ	run, running	frequency top-1000 rank-0566 src-dictionary
նպաստել	to contribute, to foster / способствовать, содействовать	frequency top-1000 rank-0567 src-hand-override
կրակ	fire	frequency top-1000 rank-0568 src-dictionary
ջան	exclamation of joy, pleasure	frequency top-1000 rank-0569 src-dictionary
սովորական	usual, common, ordinary, customary, habitual, familiar	frequency top-1000 rank-0570 src-dictionary
նշանակություն	meaning, significance / значение	frequency top-1000 rank-0571 src-hand-override
այբուբեն	alphabet	frequency top-1000 rank-0573 src-sakayan-vocab
պատասխան	answer	frequency top-1000 rank-0574 src-sakayan-vocab
այցելել	to visit	frequency top-1000 rank-0575 src-sakayan-vocab
շուկա	market	frequency top-1000 rank-0576 src-sakayan-vocab
տեսակ	variety, sort	frequency top-1000 rank-0577 src-sakayan-vocab
գիտնական	scientist	frequency top-1000 rank-0578 src-sakayan-vocab
վերջապես [վերչապես]	finally	frequency top-1000 rank-0579 src-sakayan-vocab
ուժեղ	strong	frequency top-1000 rank-0580 src-sakayan-vocab
կանչել	to call	frequency top-1000 rank-0581 src-sakayan-vocab
հարևան	neighbor	frequency top-1000 rank-0582 src-sakayan-vocab
քսան	twenty	frequency top-1000 rank-0583 src-dictionary
շնորհակալ	thankful / благодарный	frequency top-1000 rank-0584 src-hand-override
գինի	wine	frequency top-1000 rank-0585 src-dictionary
ծանոթ	familiar, known	frequency top-1000 rank-0586 src-dictionary
դիմաց	opposite, facing, against	frequency top-1000 rank-0587 src-dictionary
առատ	abundant, abounding, plentiful, copious	frequency top-1000 rank-0588 src-dictionary
լեռ	mountain, mount	frequency top-1000 rank-0589 src-dictionary
որոշել	to decide	frequency top-1000 rank-0590 src-dictionary
լվանալ	to wash	frequency top-1000 rank-0591 src-sakayan-paradigm
ական	sap, tunnel	frequency top-1000 rank-0592 src-dictionary
բառարան	dictionary	frequency top-1000 rank-0593 src-dictionary
տուր	give! (imp. of տալ) / дай!	frequency top-1000 rank-0594 src-hand-override
տեր	lord, owner; Mr. / господин, владелец	frequency top-1000 rank-0595 src-frequency-gap
քաշել	to pull, to drag	frequency top-1000 rank-0596 src-dictionary
առավոտ	morning	frequency top-1000 rank-0597 src-dictionary
անկյուն	angle	frequency top-1000 rank-0598 src-dictionary
իբրև	as, like, in quality of	frequency top-1000 rank-0599 src-dictionary
ամիս	month	frequency top-1000 rank-0600 src-dictionary
զգալ	to feel, to sense	frequency top-1000 rank-0601 src-dictionary
ետ	back, backward	frequency top-1000 rank-0602 src-dictionary
ման	spinning	frequency top-1000 rank-0604 src-dictionary
միմյանց	each other, one another	frequency top-1000 rank-0605 src-dictionary
ինքը	he/she (emphatic) / он/она (сам)	frequency top-1000 rank-0606 src-hand-override
ծագում	origin	frequency top-1000 rank-0607 src-dictionary
ներկայացնել	to present, introduce / представить, представлять	frequency top-1000 rank-0608 src-hand-override
միջազգային [միչազգային]	international	frequency top-1000 rank-0609 src-dictionary
հանգամանք	circumstance	frequency top-1000 rank-0610 src-dictionary
համապատասխան	appropriate, proper	frequency top-1000 rank-0611 src-dictionary
միաժամանակ	at the same time	frequency top-1000 rank-0612 src-dictionary
անհատ	singular, unique	frequency top-1000 rank-0613 src-dictionary
դարձված	idiom	frequency top-1000 rank-0614 src-dictionary
կիրառում	application, use	frequency top-1000 rank-0615 src-dictionary
գերմաներեն	German / немецкий	frequency top-1000 rank-0616 src-hand-override
հայրենիք	fatherland	frequency top-1000 rank-0617 src-sakayan-vocab
խորհուրդ [խորհուրթ]	advice	frequency top-1000 rank-0618 src-sakayan-vocab
թռչուն	bird	frequency top-1000 rank-0619 src-sakayan-vocab
փիղ	elephant	frequency top-1000 rank-0620 src-sakayan-vocab
գրեթե	almost	frequency top-1000 rank-0621 src-sakayan-vocab
տնօրեն	director	frequency top-1000 rank-0622 src-sakayan-vocab
քայլել	to walk	frequency top-1000 rank-0623 src-sakayan-vocab
բնություն	nature	frequency top-1000 rank-0624 src-sakayan-vocab
տասներկու	twelve	frequency top-1000 rank-0625 src-dictionary
շնորհակալություն	gratefulness, thankfulness	frequency top-1000 rank-0626 src-dictionary
պար	dance	frequency top-1000 rank-0627 src-dictionary
պատ	wall	frequency top-1000 rank-0628 src-dictionary
ինչքան	how much	frequency top-1000 rank-0629 src-dictionary
արյուն	blood	frequency top-1000 rank-0630 src-dictionary
աստիճան	degree	frequency top-1000 rank-0631 src-dictionary
կաթ	milk	frequency top-1000 rank-0632 src-dictionary
ուրախություն	joy	frequency top-1000 rank-0633 src-dictionary
անուշ	sweet	frequency top-1000 rank-0634 src-dictionary
ձի	horse	frequency top-1000 rank-0635 src-dictionary
տար	distant, far off, remote	frequency top-1000 rank-0636 src-dictionary
կառուցվել	to be built / строиться	frequency top-1000 rank-0637 src-hand-override
մեռնել	to die	frequency top-1000 rank-0638 src-dictionary
եկեղեցի	church	frequency top-1000 rank-0639 src-dictionary
աղբյուր	spring, fountain, source of water	frequency top-1000 rank-0640 src-dictionary
մշակույթ	culture	frequency top-1000 rank-0641 src-dictionary
հաղորդում	announcement, communication, statement	frequency top-1000 rank-0642 src-dictionary
անկում	fall, tumble, collapse, drop	frequency top-1000 rank-0643 src-dictionary
ոլորտ	sphere, realm	frequency top-1000 rank-0644 src-dictionary
միջնակարգ	secondary (school) / средний (о школе)	frequency top-1000 rank-0645 src-hand-override
հանրույթ	community / сообщество	frequency top-1000 rank-0646 src-hand-override
երանգավորել	to tint, shade, give a tone / оттенять, придавать оттенок	frequency top-1000 rank-0647 src-hand-override
միլիոն	million	frequency top-1000 rank-0648 src-sakayan-vocab
շենք	building	frequency top-1000 rank-0649 src-sakayan-vocab
կարողանալ	to be able	frequency top-1000 rank-0650 src-sakayan-vocab
արագիլ	stork	frequency top-1000 rank-0651 src-sakayan-vocab
գյուղացի	peasant	frequency top-1000 rank-0652 src-sakayan-vocab
դասախոս	professor, lecturer	frequency top-1000 rank-0653 src-sakayan-vocab
աշուն	autumn	frequency top-1000 rank-0654 src-sakayan-vocab
թափել	to pour	frequency top-1000 rank-0655 src-sakayan-vocab
սիրուն	pretty	frequency top-1000 rank-0656 src-sakayan-vocab
բացել	to open	frequency top-1000 rank-0657 src-sakayan-vocab
քեռի	uncle	frequency top-1000 rank-0658 src-sakayan-vocab
խաղ	game, play	frequency top-1000 rank-0659 src-dictionary
գին	price; cost	frequency top-1000 rank-0660 src-dictionary
հունաստան	Greece	frequency top-1000 rank-0661 src-dictionary
բանալ	to open	frequency top-1000 rank-0662 src-sakayan-paradigm
շուրջ	around, round	frequency top-1000 rank-0663 src-dictionary
իրենք	they (themselves) / они (сами)	frequency top-1000 rank-0665 src-hand-override
ընկերություն	friendship	frequency top-1000 rank-0666 src-dictionary
պապ	grandfather	frequency top-1000 rank-0667 src-dictionary
լիճ	lake	frequency top-1000 rank-0668 src-dictionary
հետևել	to follow	frequency top-1000 rank-0669 src-dictionary
որպեսզի	in order to	frequency top-1000 rank-0670 src-dictionary
նախագահ	president	frequency top-1000 rank-0671 src-dictionary
բացի	besides, except, apart from	frequency top-1000 rank-0672 src-dictionary
երկինք	sky	frequency top-1000 rank-0673 src-dictionary
դեռևս	yet	frequency top-1000 rank-0674 src-dictionary
հազիվ	barely, scarcely, just	frequency top-1000 rank-0675 src-dictionary
սեփական	own, one's own; private / собственный; частный	frequency top-1000 rank-0676 src-hand-override
հետևաբար	consequently, therefore, hence	frequency top-1000 rank-0677 src-dictionary
ներքին	inside, interior, inner, internal	frequency top-1000 rank-0678 src-dictionary
խիստ	strict, severe, stringent, austere, stern	frequency top-1000 rank-0679 src-dictionary
էն	that (colloq dialectal of այն) / то (разг.)	frequency top-1000 rank-0680 src-hand-override
համակարգ	system	frequency top-1000 rank-0681 src-dictionary
հասկացություն	concept, notion / понятие	frequency top-1000 rank-0682 src-hand-override
շարահյուսական	syntactic / синтаксический	frequency top-1000 rank-0683 src-hand-override
մեթոդ	method, procedure, means	frequency top-1000 rank-0684 src-dictionary
գործառական	functional / функциональный	frequency top-1000 rank-0685 src-hand-override
մեջք [մեչք]	back	frequency top-1000 rank-0686 src-sakayan-vocab
գործողություն	action	frequency top-1000 rank-0687 src-sakayan-vocab
փնտրել	to look for, to search / искать	frequency top-1000 rank-0688 src-hand-override
անծանոթ	unfamiliar; stranger / незнакомый; незнакомец	frequency top-1000 rank-0689 src-hand-override
բացվել	to open up	frequency top-1000 rank-0690 src-sakayan-vocab
սիրելի	dear, beloved	frequency top-1000 rank-0691 src-sakayan-vocab
հասցե	address	frequency top-1000 rank-0692 src-dictionary
ախորժակ	appetite	frequency top-1000 rank-0693 src-dictionary
թերթ	petal	frequency top-1000 rank-0694 src-dictionary
կրկնել	to repeat	frequency top-1000 rank-0695 src-dictionary
փոր	belly, abdomen	frequency top-1000 rank-0696 src-dictionary
սկսվել	to begin, start (intr.) / начинаться	frequency top-1000 rank-0697 src-hand-override
արտաքին	outward, external, outer	frequency top-1000 rank-0698 src-dictionary
իսկապես	really, indeed / действительно, правда	frequency top-1000 rank-0699 src-ghamoyan-filler
ծրագիր	program, plan, project	frequency top-1000 rank-0700 src-dictionary
նախընտրել	to prefer, to give preference to, to favor	frequency top-1000 rank-0701 src-dictionary
աղբ	garbage, trash, rubbish	frequency top-1000 rank-0702 src-dictionary
ծնունդ	birth	frequency top-1000 rank-0703 src-dictionary
որդ	worm	frequency top-1000 rank-0704 src-dictionary
այգի	vineyard	frequency top-1000 rank-0705 src-dictionary
հույս	hope	frequency top-1000 rank-0707 src-dictionary
մահ	death / смерть	frequency top-1000 rank-0708 src-frequency-gap
աղքատ	poor, indigent	frequency top-1000 rank-0709 src-dictionary
էշ	donkey, ass	frequency top-1000 rank-0710 src-dictionary
մատ	finger; toe	frequency top-1000 rank-0711 src-dictionary
երևում	appearance, emergence	frequency top-1000 rank-0712 src-dictionary
ճակատ	forehead	frequency top-1000 rank-0713 src-dictionary
առջև	before, in front of in space	frequency top-1000 rank-0714 src-dictionary
սրանք	these	frequency top-1000 rank-0715 src-dictionary
այդպիսի	such; such a; of that kind; like that	frequency top-1000 rank-0716 src-dictionary
իմաստուն	wise	frequency top-1000 rank-0718 src-dictionary
մինչդեռ	whereas, while / тогда как, в то время как	frequency top-1000 rank-0719 src-hand-override
ոնց	how	frequency top-1000 rank-0720 src-dictionary
բախտ	luck, fortune	frequency top-1000 rank-0721 src-dictionary
որոշում	decision	frequency top-1000 rank-0722 src-dictionary
թիթեռնիկ	little butterfly / бабочка (уменьш.)	frequency top-1000 rank-0723 src-hand-override
քաղաքական	political	frequency top-1000 rank-0724 src-dictionary
հոգ	care	frequency top-1000 rank-0725 src-dictionary
տարածել	to spread ; to stretch, to extend	frequency top-1000 rank-0726 src-dictionary
իսկական	real, true, genuine, authentic	frequency top-1000 rank-0727 src-dictionary
շերտ	slice; stripe, strip, streak	frequency top-1000 rank-0728 src-dictionary
ուղղություն	direction; course	frequency top-1000 rank-0729 src-dictionary
դրական	positive	frequency top-1000 rank-0730 src-dictionary
կապակցություն	connectedness, coherence	frequency top-1000 rank-0731 src-dictionary
ազդեցություն	effect	frequency top-1000 rank-0732 src-dictionary
պաշտոնական	official	frequency top-1000 rank-0733 src-dictionary
բնակչություն	population	frequency top-1000 rank-0734 src-dictionary
դերանուն	pronoun	frequency top-1000 rank-0735 src-dictionary
բնակիչ	inhabitant	frequency top-1000 rank-0736 src-sakayan-vocab
ընդունել [ընթունել]	to adopt	frequency top-1000 rank-0737 src-sakayan-vocab
ցուրտ	cold	frequency top-1000 rank-0738 src-sakayan-vocab
բարեկամ	friend	frequency top-1000 rank-0739 src-sakayan-vocab
փակել	to close	frequency top-1000 rank-0740 src-sakayan-vocab
հաճելի	pleasant	frequency top-1000 rank-0741 src-sakayan-vocab
փախչել	to escape, to flee	frequency top-1000 rank-0742 src-sakayan-vocab
մեքենա	automobile	frequency top-1000 rank-0743 src-sakayan-vocab
աթոռ	chair	frequency top-1000 rank-0744 src-dictionary
համեցեք	come!	frequency top-1000 rank-0745 src-dictionary
ինքն	he/she himself / он/она сам(а)	frequency top-1000 rank-0746 src-hand-override
բնակարան	flat, apartment	frequency top-1000 rank-0747 src-dictionary
գլխարկ	hat	frequency top-1000 rank-0748 src-dictionary
ուղիղ	straight, direct	frequency top-1000 rank-0749 src-dictionary
սպիտակ	white	frequency top-1000 rank-0750 src-dictionary
կոկորդ	throat	frequency top-1000 rank-0751 src-dictionary
ճաշակ	taste	frequency top-1000 rank-0752 src-dictionary
կարծես	as if, seemingly / как будто, кажется	frequency top-1000 rank-0753 src-hand-override
հաջորդ [հաջորթ]	next, following, subsequent	frequency top-1000 rank-0754 src-dictionary
եվրոպա	Europe / Европа	frequency top-1000 rank-0755 src-hand-override
չինարեն	Chinese	frequency top-1000 rank-0756 src-dictionary
ինը	nine	frequency top-1000 rank-0757 src-dictionary
թոռ	grandchild; grandson; granddaughter	frequency top-1000 rank-0758 src-dictionary
հոր	father’s	frequency top-1000 rank-0759 src-sakayan-vocab
եղավ	all right, OK	frequency top-1000 rank-0760 src-dictionary
համեղ	delicious, tasty	frequency top-1000 rank-0761 src-dictionary
լաց	crying, weeping	frequency top-1000 rank-0762 src-dictionary
կամք	will	frequency top-1000 rank-0763 src-dictionary
ուշադրություն	attention	frequency top-1000 rank-0764 src-dictionary
լուր	news; report; information; tidings	frequency top-1000 rank-0765 src-dictionary
չնայած	in spite of, despite, notwithstanding	frequency top-1000 rank-0766 src-dictionary
հաջողություն	good luck	frequency top-1000 rank-0767 src-dictionary
կանոն	rule, regulation, canon	frequency top-1000 rank-0768 src-dictionary
հանրապետություն	republic	frequency top-1000 rank-0769 src-dictionary
կարիք	necessity, need, want	frequency top-1000 rank-0770 src-dictionary
տպավորություն	impression, effect	frequency top-1000 rank-0771 src-dictionary
միևնույն	the very same / тот же самый	frequency top-1000 rank-0772 src-hand-override
մասամբ	partly, in part, partially	frequency top-1000 rank-0773 src-dictionary
մշակութային	cultural	frequency top-1000 rank-0774 src-dictionary
հայտնել	to make public, known	frequency top-1000 rank-0775 src-dictionary
հետազոտություն	research, study	frequency top-1000 rank-0776 src-dictionary
հարկ	floor, storey	frequency top-1000 rank-0777 src-dictionary
գործունեություն	activity	frequency top-1000 rank-0778 src-dictionary
էություն	essence; nature ; gist	frequency top-1000 rank-0779 src-dictionary
ածական	adjective, adjectival	frequency top-1000 rank-0780 src-dictionary
բացասական	negative	frequency top-1000 rank-0781 src-dictionary
իրադրություն	situation / ситуация, обстановка	frequency top-1000 rank-0782 src-hand-override
անհատական	personal	frequency top-1000 rank-0783 src-dictionary
արտահայտչական	expressive / выразительный	frequency top-1000 rank-0784 src-hand-override
բաղադրիչ	constituent	frequency top-1000 rank-0785 src-dictionary
հուզական	emotional / эмоциональный	frequency top-1000 rank-0787 src-hand-override
հնդեվրոպական	Indo-European	frequency top-1000 rank-0788 src-sakayan-vocab
ուսուցչուհի	teacher (female)	frequency top-1000 rank-0789 src-sakayan-vocab
ամերիկա	America / Америка	frequency top-1000 rank-0790 src-hand-override
կանգնած	standing	frequency top-1000 rank-0791 src-sakayan-vocab
շինել	to build	frequency top-1000 rank-0792 src-sakayan-vocab
աշխատասեր	industrious	frequency top-1000 rank-0793 src-sakayan-vocab
օգնական [օքնական]	assistant	frequency top-1000 rank-0794 src-sakayan-vocab
կենալ	to stand, be standing	frequency top-1000 rank-0795 src-dictionary
դրսևորվել	to reveal himself	frequency top-1000 rank-0796 src-sakayan-vocab
միթե	Don’t you think?/Isn’t it?	frequency top-1000 rank-0797 src-sakayan-vocab
թութակ	parrot	frequency top-1000 rank-0798 src-sakayan-vocab
հեռախոս	telephone, phone / телефон	frequency top-1000 rank-0799 src-hand-override
երեսուն	thirty	frequency top-1000 rank-0800 src-dictionary
մայրիկ	mom, mommy	frequency top-1000 rank-0801 src-dictionary
պատրաստել	to prepare	frequency top-1000 rank-0802 src-dictionary
տաս	ten (var. of տասը) / десять	frequency top-1000 rank-0803 src-hand-override
ձախ	left; left-hand	frequency top-1000 rank-0804 src-dictionary
գուցե	maybe, perhaps	frequency top-1000 rank-0805 src-dictionary
պատուհան	window	frequency top-1000 rank-0806 src-dictionary
այդքան [այտքան]	that much	frequency top-1000 rank-0807 src-dictionary
երաժշտություն	music	frequency top-1000 rank-0808 src-dictionary
բեր	bring! (imp. of բերել) / принеси!	frequency top-1000 rank-0809 src-hand-override
կինո	cinematography, filmmaking	frequency top-1000 rank-0810 src-dictionary
գերմանիա	Germany	frequency top-1000 rank-0811 src-dictionary
գերմանական	German	frequency top-1000 rank-0812 src-dictionary
ուշ	late	frequency top-1000 rank-0813 src-dictionary
ափ	coast, bank, shore	frequency top-1000 rank-0815 src-dictionary
ծնող	parent	frequency top-1000 rank-0816 src-dictionary
բարդ	complicated, complex, difficult	frequency top-1000 rank-0817 src-dictionary
ծիծաղել	to laugh	frequency top-1000 rank-0818 src-dictionary
տխուր	sad, melancholy, sorrowful	frequency top-1000 rank-0819 src-dictionary
չոր	dry	frequency top-1000 rank-0820 src-dictionary
անմիջապես [անմիչապես]	immediately, instantly, promptly, right away	frequency top-1000 rank-0821 src-dictionary
արդյոք	whether, really?, is it possible?	frequency top-1000 rank-0822 src-dictionary
կապված	tied, connected; related to / связанный, привязанный	frequency top-1000 rank-0823 src-hand-override
ներկա	present	frequency top-1000 rank-0824 src-dictionary
զբաղմունք	occupation, pastime / занятие	frequency top-1000 rank-0825 src-hand-override
ընտրել	to choose	frequency top-1000 rank-0826 src-dictionary
փոխել	to change, to alter	frequency top-1000 rank-0827 src-dictionary
էլի	again	frequency top-1000 rank-0828 src-dictionary
պայման	condition	frequency top-1000 rank-0830 src-dictionary
ժողովրդական	national, popular, folk	frequency top-1000 rank-0831 src-dictionary
ենթակա	subject (grammatical); subordinate / подлежащее; подчинённый	frequency top-1000 rank-0832 src-hand-override
հանկարծ	suddenly	frequency top-1000 rank-0833 src-dictionary
գոյություն	existence, being	frequency top-1000 rank-0834 src-dictionary
բուն	original, genuine, effective	frequency top-1000 rank-0835 src-dictionary
ներկայացուցիչ	spokesperson, representative	frequency top-1000 rank-0836 src-dictionary
ընդգծել	to underline, to underscore, to highlight	frequency top-1000 rank-0837 src-dictionary
պահպանել	to keep, to preserve, to retain	frequency top-1000 rank-0838 src-dictionary
հնչյունական	of or related to sound, phonic	frequency top-1000 rank-0840 src-dictionary
ձգտում	aspiration, striving / стремление	frequency top-1000 rank-0841 src-hand-override
հասկանալի	understandable, intelligible; clear	frequency top-1000 rank-0842 src-dictionary
նմանատիպ	of the same kind, of the same type, similar	frequency top-1000 rank-0843 src-dictionary
նորմ	norm / норма	frequency top-1000 rank-0844 src-hand-override
հաճախականություն	frequency / частотность	frequency top-1000 rank-0845 src-hand-override
մանավանդ	especially	frequency top-1000 rank-0847 src-sakayan-vocab
մի օր	one day, someday / однажды, как-то раз	frequency top-1000 rank-0848 src-hand-override
մեծանալ	to grow older	frequency top-1000 rank-0849 src-sakayan-vocab
ճշգրիտ	exact	frequency top-1000 rank-0850 src-sakayan-vocab
փորձ [փորց]	attempt, try	frequency top-1000 rank-0851 src-sakayan-vocab
մասնագետ	specialist	frequency top-1000 rank-0852 src-sakayan-vocab
դաշտ	field	frequency top-1000 rank-0853 src-sakayan-vocab
քաղաքացի	citizen	frequency top-1000 rank-0854 src-dictionary
զբաղվել	to be busy with, occupy oneself / заниматься	frequency top-1000 rank-0855 src-hand-override
գրիչ	pen	frequency top-1000 rank-0856 src-dictionary
միակ	only, sole	frequency top-1000 rank-0857 src-dictionary
մրսել	to freeze, to be cold, to shiver	frequency top-1000 rank-0858 src-dictionary
սխալվել	to make a mistake, to err	frequency top-1000 rank-0859 src-dictionary
հրավիրել	to invite	frequency top-1000 rank-0860 src-dictionary
հարմար	comfortable, convenient	frequency top-1000 rank-0861 src-dictionary
մինչ	while, whilst	frequency top-1000 rank-0862 src-dictionary
առիթ	occasion, reason	frequency top-1000 rank-0863 src-dictionary
ամենայն	all, entire	frequency top-1000 rank-0864 src-dictionary
հավասար	equal, alike	frequency top-1000 rank-0865 src-dictionary
իսպաներեն	Spanish	frequency top-1000 rank-0866 src-dictionary
հունարեն	Greek	frequency top-1000 rank-0867 src-dictionary
թուրք	Turk	frequency top-1000 rank-0868 src-dictionary
հինգերորդ	fifth / пятый	frequency top-1000 rank-0869 src-hand-override
քննություն	examination, exam	frequency top-1000 rank-0870 src-dictionary
սուտ	false, counterfeit, mock	frequency top-1000 rank-0871 src-dictionary
վախ	an exclamation of pain or grief	frequency top-1000 rank-0872 src-dictionary
խնձոր	apple	frequency top-1000 rank-0873 src-dictionary
իմը	mine	frequency top-1000 rank-0874 src-dictionary
շարունակել	to continue	frequency top-1000 rank-0875 src-dictionary
երազ	dream	frequency top-1000 rank-0876 src-dictionary
սար	mountain	frequency top-1000 rank-0877 src-dictionary
խորթ	unrelated, step-	frequency top-1000 rank-0878 src-dictionary
ընդարձակ	expansive, wide, broad, spacious	frequency top-1000 rank-0880 src-dictionary
չար	evil, wicked	frequency top-1000 rank-0881 src-dictionary
ցերեկ	daytime, day, morning or afternoon	frequency top-1000 rank-0882 src-dictionary
յան	side	frequency top-1000 rank-0883 src-dictionary
մայիս	May	frequency top-1000 rank-0884 src-dictionary
վերջ [վերչ]	end, ending, finish	frequency top-1000 rank-0886 src-dictionary
թանկ	dear	frequency top-1000 rank-0887 src-dictionary
կառք	carriage, coach	frequency top-1000 rank-0888 src-dictionary
իմանալ	to know	frequency top-1000 rank-0889 src-dictionary
նեղ	narrow	frequency top-1000 rank-0890 src-dictionary
դժվարություն	difficulty / трудность	frequency top-1000 rank-0891 src-hand-override
համաձայն	in agreement , concordant	frequency top-1000 rank-0892 src-dictionary
պարզել	to clarify, clean, purify / прояснить, очистить	frequency top-1000 rank-0893 src-hand-override
յուղ	oil	frequency top-1000 rank-0894 src-dictionary
նայել	to look	frequency top-1000 rank-0895 src-dictionary
ոչխար	sheep	frequency top-1000 rank-0898 src-dictionary
գայլ	wolf	frequency top-1000 rank-0899 src-dictionary
ոչ մի	no, not any	frequency top-1000 rank-0900 src-dictionary
հաղորդել	to communicate, to transmit; to inform; to impart	frequency top-1000 rank-0902 src-dictionary
հեռուստատեսություն	television	frequency top-1000 rank-0903 src-dictionary
ծակ	having a hole, perforated, holed	frequency top-1000 rank-0904 src-dictionary
հիմար	stupid, foolish, idiotic, moronic	frequency top-1000 rank-0906 src-dictionary
կառուցվածք	structure, construction	frequency top-1000 rank-0907 src-dictionary
չափազանց	extreme, excessive, undue	frequency top-1000 rank-0908 src-dictionary
թարգմանություն	translation	frequency top-1000 rank-0910 src-dictionary
հարաբերություն	relation	frequency top-1000 rank-0911 src-dictionary
բարձրացնել	causative of բարձրանալ , to raise, heave, elevate	frequency top-1000 rank-0913 src-dictionary
հարցում	survey, poll; inquiry / опрос; запрос	frequency top-1000 rank-0914 src-hand-override
վերաբերել	to concern, to relate to / касаться, относиться	frequency top-1000 rank-0915 src-hand-override
տոկոս	percent	frequency top-1000 rank-0916 src-dictionary
խոր	deep	frequency top-1000 rank-0917 src-dictionary
կացին	axe	frequency top-1000 rank-0918 src-dictionary
կնիկ	married woman	frequency top-1000 rank-0919 src-dictionary
համարել	to consider, esteem, deem	frequency top-1000 rank-0921 src-dictionary
երանգ	hue; shade; tone	frequency top-1000 rank-0923 src-dictionary
ընդունված	accepted, adopted	frequency top-1000 rank-0924 src-dictionary
սկզբունք	principle	frequency top-1000 rank-0926 src-dictionary
համարժեք	equivalent	frequency top-1000 rank-0933 src-dictionary
օտարաբանություն	borrowing , barbarism, xénisme	frequency top-1000 rank-0935 src-dictionary
վայր	place	frequency top-1000 rank-0937 src-sakayan-vocab
առաջարկել [առաչարկել]	to propose	frequency top-1000 rank-0938 src-sakayan-vocab
կոտրել	to break	frequency top-1000 rank-0939 src-sakayan-vocab
կռվել	to fight	frequency top-1000 rank-0940 src-sakayan-vocab
վառ	bright	frequency top-1000 rank-0941 src-sakayan-vocab
հագնել [հաքնել]	to wear	frequency top-1000 rank-0942 src-sakayan-vocab
բույն	nest	frequency top-1000 rank-0943 src-sakayan-vocab
վերադառնալ	to return	frequency top-1000 rank-0945 src-sakayan-vocab
մարտ	March	frequency top-1000 rank-0946 src-sakayan-vocab
տգեղ	ugly	frequency top-1000 rank-0947 src-sakayan-vocab
ականջ	ear	frequency top-1000 rank-0948 src-sakayan-vocab
վարվել	to treat	frequency top-1000 rank-0949 src-sakayan-vocab
բանաստեղծ	poet	frequency top-1000 rank-0950 src-sakayan-vocab
լուրջ	serious	frequency top-1000 rank-0951 src-sakayan-vocab
քնած	asleep	frequency top-1000 rank-0952 src-sakayan-vocab
վարդ [վարթ]	rose	frequency top-1000 rank-0953 src-sakayan-vocab
փակ	close	frequency top-1000 rank-0954 src-sakayan-vocab
քերականություն	grammar	frequency top-1000 rank-0955 src-dictionary
ժամանել	to arrive	frequency top-1000 rank-0957 src-dictionary
գնել	to buy, to purchase	frequency top-1000 rank-0958 src-dictionary
երանի	if only	frequency top-1000 rank-0960 src-dictionary
կարճ	short	frequency top-1000 rank-0963 src-dictionary
մենակ	alone	frequency top-1000 rank-0965 src-dictionary
տարեդարձ	anniversary	frequency top-1000 rank-0966 src-dictionary
շնորհակալ եմ	thank you	frequency top-1000 rank-0967 src-dictionary
լողալ	to swim	frequency top-1000 rank-0968 src-dictionary
ամուսին	husband	frequency top-1000 rank-0969 src-dictionary
իրավունք	right	frequency top-1000 rank-0970 src-dictionary
թուրքական	Turkish	frequency top-1000 rank-0971 src-dictionary
մայրաքաղաք	capital, capital city	frequency top-1000 rank-0972 src-dictionary
կեր	food, nourishment	frequency top-1000 rank-0973 src-dictionary
յա	or	frequency top-1000 rank-0974 src-dictionary
հավ	hen, chicken	frequency top-1000 rank-0975 src-dictionary
միս	meat; flesh	frequency top-1000 rank-0976 src-dictionary
պաշտպանել	to protect, to defend	frequency top-1000 rank-0977 src-dictionary
ար	are	frequency top-1000 rank-0978 src-dictionary
հայրիկ	diminutive of հայր : dad, daddy	frequency top-1000 rank-0980 src-dictionary
բոլորովին	absolutely, quite, totally, utterly	frequency top-1000 rank-0981 src-dictionary
սյուն	column, pillar	frequency top-1000 rank-0982 src-dictionary
բացատրել	to explain	frequency top-1000 rank-0985 src-dictionary
գիր	letter	frequency top-1000 rank-0986 src-dictionary
նվեր	present, gift	frequency top-1000 rank-0987 src-dictionary
վաղ	early	frequency top-1000 rank-0988 src-dictionary
շարք	row	frequency top-1000 rank-0992 src-dictionary
ծառա	servant	frequency top-1000 rank-0993 src-dictionary
անկախ	independent	frequency top-1000 rank-0994 src-dictionary
վառել	to set on fire, to burn	frequency top-1000 rank-0995 src-dictionary
ճամփա	road	frequency top-1000 rank-0996 src-dictionary
երջանիկ	happy, fortunate, lucky	frequency top-1000 rank-1000 src-dictionary
արդյունք	result; outcome; product	frequency top-1000 rank-1001 src-dictionary
խելացի	smart, clever, intelligent	frequency top-1000 rank-1002 src-dictionary
կանգնել	to stand	frequency top-1000 rank-1003 src-dictionary
գցել	to throw; cast; hurl, fling; chuck	frequency top-1000 rank-1004 src-dictionary
դարձյալ	anew, again, once again	frequency top-1000 rank-1005 src-dictionary
ցանկություն	wish, desire	frequency top-1000 rank-1007 src-dictionary
վերցնել	to take	frequency top-1000 rank-1008 src-dictionary
զգացում	feeling, sensation, sense	frequency top-1000 rank-1009 src-dictionary
ավագ	older, elder, senior	frequency top-1000 rank-1010 src-dictionary
գլխավոր	main, principal, essential	frequency top-1000 rank-1011 src-dictionary
տեսություն	theory; survey / теория; обзор	frequency top-1000 rank-1012 src-hand-override
գրավել	to conquer; to seize	frequency top-1000 rank-1013 src-dictionary
հավաքել	to gather, to collect	frequency top-1000 rank-1015 src-dictionary
բերում	the action of bringing, fetching	frequency top-1000 rank-1016 src-dictionary
անձ	person	frequency top-1000 rank-1017 src-dictionary
համ	and, both	frequency top-1000 rank-1018 src-dictionary
լեզվաբանություն	linguistics	frequency top-1000 rank-1020 src-dictionary
արդի	modern, contemporary, up-to-date	frequency top-1000 rank-1021 src-dictionary
զանազան	different, various, diverse	frequency top-1000 rank-1023 src-dictionary
դատ	trial, judicial proceedings	frequency top-1000 rank-1025 src-dictionary
սպանություն	killing; murder; homicide; assassination	frequency top-1000 rank-1026 src-dictionary
հեր	hair	frequency top-1000 rank-1029 src-dictionary
անվանում	name, title	frequency top-1000 rank-1030 src-dictionary
թաղ	neighborhood, district, quarter	frequency top-1000 rank-1032 src-dictionary
ընտրություն	choice	frequency top-1000 rank-1033 src-dictionary
շեշտ	accent, stress, emphasis	frequency top-1000 rank-1034 src-dictionary
հոլով	much, plenty, numerous	frequency top-1000 rank-1035 src-dictionary
անկաշկանդ	unfastened, unsealed, untied	frequency top-1000 rank-1036 src-dictionary
աշակերտուհի	pupil (female)	frequency top-1000 rank-1039 src-sakayan-vocab
կավիճ	chalk	frequency top-1000 rank-1040 src-sakayan-vocab
միրգ [միրք]	fruit	frequency top-1000 rank-1041 src-sakayan-vocab
այսքան	so (much)	frequency top-1000 rank-1042 src-sakayan-vocab
համով	tasty, delicious	frequency top-1000 rank-1043 src-sakayan-vocab
ամուր	strong	frequency top-1000 rank-1044 src-sakayan-vocab
զգեստ	dress	frequency top-1000 rank-1045 src-sakayan-vocab
օգտակար [օքտակար]	useful	frequency top-1000 rank-1046 src-sakayan-vocab
գետին	ground	frequency top-1000 rank-1047 src-sakayan-vocab
լավագույն	best	frequency top-1000 rank-1048 src-sakayan-vocab
թեկնածու	candidate	frequency top-1000 rank-1049 src-sakayan-vocab
կարողություն	capacity	frequency top-1000 rank-1050 src-sakayan-vocab
հետաքրքրական	interesting	frequency top-1000 rank-1051 src-sakayan-vocab
անտարբեր	indifferent	frequency top-1000 rank-1052 src-sakayan-vocab
մեղմ	mild	frequency top-1000 rank-1053 src-sakayan-vocab
պտուղ	fruit	frequency top-1000 rank-1054 src-sakayan-vocab
գրպան	pocket	frequency top-1000 rank-1055 src-sakayan-vocab
քաղաքացիություն	citizenship	frequency top-1000 rank-1056 src-dictionary
ուսումնասիրել	to research, to study, to examine	frequency top-1000 rank-1057 src-dictionary
բնավ	never, not at all, not ever	frequency top-1000 rank-1058 src-dictionary
ծարավ	thirsty	frequency top-1000 rank-1059 src-dictionary
սառույց	ice	frequency top-1000 rank-1060 src-dictionary
գորգ	carpet	frequency top-1000 rank-1061 src-dictionary
կապույտ	blue	frequency top-1000 rank-1062 src-dictionary
գնացք	train	frequency top-1000 rank-1063 src-dictionary
հագել [հաքել]	to put on, wear (var. of հագնել) / надеть, одеть	frequency top-1000 rank-1064 src-hand-override
մաքուր	clean; pure; genuine	frequency top-1000 rank-1065 src-dictionary
խոնավ	damp, humid, moist	frequency top-1000 rank-1066 src-dictionary
ուրբաթ [ուրփաթ]	Friday	frequency top-1000 rank-1067 src-dictionary
կիրակի	Sunday	frequency top-1000 rank-1068 src-dictionary
սրճարան	café	frequency top-1000 rank-1069 src-dictionary
եվրոպական	European	frequency top-1000 rank-1070 src-dictionary
ֆրանսիացի	Frenchman or Frenchwoman	frequency top-1000 rank-1071 src-dictionary
հունական	Greek	frequency top-1000 rank-1072 src-dictionary
կատու	cat	frequency top-1000 rank-1073 src-dictionary
հան	grandma, granny (colloq.) / бабушка (разг.)	frequency top-1000 rank-1074 src-hand-override
ես	I / я	frequency core-inject src-core-inject
աջ	right (direction) / правый, направо	frequency core-inject src-core-inject
վերև	up, above / вверх, наверху	frequency core-inject src-core-inject
ներքև	down, below / вниз, внизу	frequency core-inject src-core-inject
վար	down, downward / вниз	frequency core-inject src-core-inject
հետև	behind, back / сзади, позади	frequency core-inject src-core-inject
մեջտեղ	middle, in the middle / середина, посередине	frequency core-inject src-core-inject
տեղափոխել	to move (relocate), transfer / переместить, перенести	frequency core-inject src-core-inject
շարժել	to move (set in motion) / двигать	frequency core-inject src-core-inject
շարժվել	to move (intr.) / двигаться	frequency core-inject src-core-inject
հրել	to push / толкать	frequency core-inject src-core-inject
շրջել	to turn, flip / поворачивать, переворачивать	frequency core-inject src-core-inject
պտտել	to rotate, spin / вращать, крутить	frequency core-inject src-core-inject
դիպչել	to touch / трогать, касаться	frequency core-inject src-core-inject
բաժակ	cup, glass / чашка, стакан	frequency core-inject src-core-inject
ափսե	plate / тарелка	frequency core-inject src-core-inject
դանակ	knife / нож	frequency core-inject src-core-inject
գդալ	spoon / ложка	frequency core-inject src-core-inject
պատառաքաղ	fork / вилка	frequency core-inject src-core-inject
բանալի	key / ключ	frequency core-inject src-core-inject
մահճակալ	bed / кровать	frequency core-inject src-core-inject
սրբիչ	towel / полотенце	frequency core-inject src-core-inject
օճառ	soap / мыло	frequency core-inject src-core-inject
լամպ	lamp / лампа	frequency core-inject src-core-inject
կոճակ	button / пуговица, кнопка	frequency core-inject src-core-inject
հատակ	floor / пол	frequency core-inject src-core-inject
առաստաղ	ceiling / потолок	frequency core-inject src-core-inject
խոհանոց	kitchen / кухня	frequency core-inject src-core-inject
լոգարան	bathroom / ванная	frequency core-inject src-core-inject
մազ	hair / волосы	frequency core-inject src-core-inject
քիթ	nose / нос	frequency core-inject src-core-inject
ատամ	tooth / зуб	frequency core-inject src-core-inject
շուրթ	lip / губа	frequency core-inject src-core-inject
մաշկ	skin / кожа	frequency core-inject src-core-inject
վիզ	neck / шея	frequency core-inject src-core-inject
ուս	shoulder / плечо	frequency core-inject src-core-inject
թև	arm, wing / рука (от плеча), крыло	frequency core-inject src-core-inject
արմունկ	elbow / локоть	frequency core-inject src-core-inject
ծունկ	knee / колено	frequency core-inject src-core-inject
կուրծք	chest, breast / грудь	frequency core-inject src-core-inject
ստամոքս	stomach / желудок	frequency core-inject src-core-inject
այտ	cheek / щека	frequency core-inject src-core-inject
օգտագործել	to use / использовать	frequency core-inject src-core-inject
մոռանալ	to forget / забывать	frequency core-inject src-core-inject
կորցնել	to lose / терять	frequency core-inject src-core-inject
քնել	to sleep / спать	frequency core-inject src-core-inject
արթնանալ	to wake up / просыпаться	frequency core-inject src-core-inject
հանգստանալ	to rest / отдыхать	frequency core-inject src-core-inject
սառը	cold / холодный	frequency core-inject src-core-inject
հեշտ	easy / лёгкий, легко	frequency core-inject src-core-inject
դանդաղ	slow / медленный	frequency core-inject src-core-inject
քաղցր	sweet / сладкий	frequency core-inject src-core-inject
դառը	bitter / горький	frequency core-inject src-core-inject
աղի	salty / солёный	frequency core-inject src-core-inject
կծու	spicy, sharp / острый	frequency core-inject src-core-inject
թարմ	fresh / свежий	frequency core-inject src-core-inject
կեղտոտ	dirty / грязный	frequency core-inject src-core-inject
դատարկ	empty / пустой	frequency core-inject src-core-inject
թեթև	light (weight) / лёгкий	frequency core-inject src-core-inject
դեղին	yellow / жёлтый	frequency core-inject src-core-inject
շագանակագույն	brown / коричневый	frequency core-inject src-core-inject
մոխրագույն	gray / серый	frequency core-inject src-core-inject
նարնջագույն	orange / оранжевый	frequency core-inject src-core-inject
մանուշակագույն	purple / фиолетовый	frequency core-inject src-core-inject
վարդագույն	pink / розовый	frequency core-inject src-core-inject
շուտով	soon / скоро	frequency core-inject src-core-inject
հազվադեպ	rarely / редко	frequency core-inject src-core-inject
կեսօր	noon, midday / полдень	frequency core-inject src-core-inject
կեսգիշեր	midnight / полночь	frequency core-inject src-core-inject
ողջույն	hello, greetings / привет	frequency core-inject src-core-inject
ցտեսություն	goodbye / до свидания	frequency core-inject src-core-inject
ներողություն	sorry, excuse me / извините	frequency core-inject src-core-inject
ապրես	well done, bravo / молодец	frequency core-inject src-core-inject
ոչ ոք	nobody, no one / никто	frequency core-inject src-core-inject
