block_id	kind	pages	y0	y1	text
0001	heading	35	51	63	ԳԼՈՒԽ 2
0002	heading	35	66	93	ԵՐԵՎԱՆԻ ԽՈՍԱԿՑԱԿԱՆ ԼԵԶՎԻ ՀՆՉՅՈՒՆԱԿԱՆ ՀԱՏԿԱՆԻՇՆԵՐԸ
0003	para	35	109	140	Մեր լեզուն ներկայումս գտնվում է գրականի և առօրյա խոսակցականի հակասությունների բարդ գործընթացում: Իրողությունն այն է, որ դրանց միջև այժմ հսկայական անջրպետ կա:
0004	para	35	140	193	Հարցազրույց-հարցաթերթիկների և անկաշկանդ խոսքի ձայնագրությունների միջոցով ուսումնասիրվել և գրանցվել են բանավոր խոսքում հաճախակի հանդիպող բազմաթիվ շեղումներ ու խախտումներ, որոնք առկա են և՛ հնչյունական, և՛ բառագիտական, և՛ քերականական բոլոր մակարդակներում:
0005	para	35	193	245	Երևանի խոսակցական լեզվի ուսումնասիրության մեջ ամենից առաջ մեր ուշադրությունն են գրավել հաճախակի հանդիպող հնչյունական այնպիսի երևույթներ, որոնք շեղվում են ուղղախոսական նորմից (ավելորդ հնչյունների գործածություն, անհրաժեշտ հնչյունների անկում, ոչ ճիշտ հնչյունափոխություններ և այլն):
0006	para	35	245	338	Այսպես՝ խոսակիցների անկաշկանդ շփման ժամանակ, երբ խոսքը չի վերահսկվում, ավելի շատ են հնչյունական սխալները. որոշ հնչյուններ փոխում են իրենց որակը, թուլանում են կամ բոլորովին սղվում, նույնիսկ կարող են չհնչվել ամբողջական վանկեր, սակայն այս երևույթը չի խաթարում բանավոր խոսքի ընկալումը, քանի որ անմիջական հաղորդակցության ժամանակ խոսակիցներին արդեն հայտնի է իրադրությունը և խոսակցության նյութը, հետևաբար կիսատ ու անհստակ, ոչ ամբողջությամբ արտասանված բառը լիովին հասկացվում է. խոսողներն իրար հասկանում են նաև շարժումներով, դիմախաղով ու հնչերանգով:
0007	para	35	338	400	Ձայնավորների սղումը կամ անկումը հայերենում մեծ մասամբ արդյունք է կից վանկերի նույնական ձայնավորների կամ նույնական վանկերից մեկի ամփոփման, որն էլ արտահայտվում է դրանց անկումով: Բերենք ձայնավորների անկման մի շարք օրինակներ, որոնք, սակայն, նույն արժեքը չունեն. դրանց մի մասը տարածված երևույթ է, իսկ մյուսը՝ ոչ, թեև հատուկ է խոսակցական լեզվին:
0008	para	35	400	483	Կան մեծ հաճախականություն ունեցող բառեր, որոնց մեջ տեղի է ունենում ու ձայնավորի լիակատար սղում՝ անկում, օրինակ՝ ցտեսություն-ը մեծ մասամբ հնչվում է ցըտեսցյուն//ստեսցյուն, շնորհակալությունը՝ շնորակալցյուն, գործունեությունը՝ գործնեություն, այդպես նաև՝ ուսցիչ (ուսուցիչ), ուսչական (ուսուցչական), խօսակցյուն (խոսակցություն) և այլն: Ինչպես նկատեցինք, երբեմն խոսքի արագ տեմպում հանդիպում են այնպիսի սղումներ, երբ ձայնավորի հետ միասին սղվում են նաև այլ հնչյուններ:
0009	para	35	483	504	Առօրյա խոսքում ու ձայնավորը երբեմն հնչյունափոխվում է ա-ի, ինչպես՝ դիմացկանություն (փոխ.՝ դիմացկունություն):
0010	para	35	504	525	Ի ձայնավորը կարող է վերածվել ը-ի պիտի, հիմի, ինչի և այլ բառերում, ինչպես՝ պ{ը}տի, հ{ը}մի, {ը}նչի և այլն:
0011	para	36	50	80	Ի ձայնավորի անկման դեպքերից են՝ բար լուս, երբեմն նույնիսկ՝ բայ լուս (բարի լույս), չեմ մանում (չեմ իմանում), օրգինալ (օրիգինալ), լզել (լիզել) և այլն:
0012	para	36	81	103	Սրան հակառակ՝ ավելորդ ի-ով են արտաբերվում լինելություն, պատկանելություն բառերը, ինչպես՝ լինելիություն, պատկանելիություն:
0013	para	36	103	144	Բավական տարածված է որոշ բառեր առանց ա ձայնավորի գործածելը, ինչպես՝ բարյացկամ (բարյացակամ), գնհատել, գնհատական (գնահատել, գնահատական), գողնալ (գողանալ), դաստիրակ (դաստիարակ), սննկանալ (սնանկանալ) և այլն:
0014	para	36	144	185	Ա ձայնավորի ավելորդ գործածություն ենք նկատում ըստ արժանավույն բառում (փոխ.՝ ըստ արժանվույն), ինչպես նաև յոթանասունի համաբանությամբ սխալ տարածված ութանասուն ձևում (փոխ.՝ ութսուն) և այլն:
0015	para	36	186	206	Երբեմն ա ձայնավորը հնչյունափոխվում է ո-ի, որը ընդունելի չէ, սխալ է, ինչպես՝ մոտովորապես (փոխ.՝ մոտավորապես):
0016	para	36	207	227	Ո ձայնավորի անկման դեպքերից են՝ կաննավոր (կանոնավոր), կաթղիկոս (կաթողիկոս):
0017	para	36	227	269	Ռուսերենի -որ վերջավորություն ունեցող բոլոր գոյականները հայերենի խոսակցական տարբերակում սովորաբար արտասանվում են -ըր, ինչպես՝ դիրեկտոր-դիրեկտ{ը}ր, Վիկտոր-Վիկտ{ը}ր, ռեկտոր- ռեկտ{ը}ր, պրոֆեսոր-պրոֆես{ը}ր և այլն:
0018	para	36	269	299	Ե ձայնավորի ավելորդ գործածություն ենք տեսնում տարեկետում բառում (փոխ.՝ տարկետում. այն տարի բառի հետ կապ չունի, բառացի նշանակում է «նշանակված ժամանակից դուրս՝ տար»):
0019	para	36	300	320	Երբեմն ե ձայնավորի հնչյունափոխված սխալ ձևերի ենք հանդիպում, ինչպես՝ ներեղություն (փոխ.՝ ներողություն):
0020	para	36	320	436	Ը ձայնավորի ոչ շեշտակիր լինելը հաճախ վերջինիս անկման, տեղափոխության, ինչպես նաև հավելման պատճառ է դառնում, ինչպես՝ գ{ը}տ{ը}նվել (փոխ.՝ գ{ը}տն{ը}վել), երդ{ը}վել (փոխ.՝ երդվել), թաք{ը}նվել (փոխ.՝ թաքն{ը}վել), ժ{ը}պ{ը}տալ (փոխ.՝ ժ{ը}պտալ), կ{ը}րկ{ը}նել (փոխ.՝ կ{ը}րկնել), հայտ{ը}նվել (փոխ.՝ հայտն{ը}վել), հագ{ը}նվել (փոխ.՝ հագն{ը}վել), ձեռն{ը}պահ (փոխ.՝ ձեռ{ը}նպահ), ձեռն{ը}տու (փոխ.՝ ձեռ{ը}նտու), ք{ը}ն{ը}նել (փոխ.՝ ք{ը}ննել) և այլն: Ը ձայնավորի հավելումներ կարող ենք հանդիպել նաև բառավերջում, ինչպես՝ վեց{ը} հոգով, ութ{ը} տարեկան և այլն, բայց երբ հարկավոր է ասել տասը (տասը տարեկան, տասը հազար, տասը մարդ և այլն), արտասանում են տաս՝ ը ձայնավորի անկումով:
0021	para	36	436	500	Արտասանական ոլորտում ակնհայտ է երկհնչյունների վերածումը պարզ ձայնավորների (հատկապես՝ այ-է անցումը և՛ բառասկզբում, և՛ բառամիջում): Այստեղից էլ այս, այդ, այն ցուցական դերանունների և նրանցից կազմված բաղադրյալ ձևերի խոսակցական տարբերակները՝ էս, էդ, էն, էսպես, էդպես, էնպես, էնքան, էստեղ և այլն, ինչպես նաև՝ հեր, մեր, քուր, լիս//լուս, գեղ, գեղացի և այլն:
0022	para	36-37	500	70	Գրական լեզվի խոսակցական տարբերակում բաղաձայնների անկումը կամ թուլացումը ավելի քիչ է հանդիպում, քան ձայնավորների անկումը, քանի որ բառի հնչյունական պատկերի հիմնական ծանրությունը ընկնում է բաղաձայնների վրա:
0023	para	37	70	166	Խոսակցական լեզվում բաղաձայների անկումը մի շարք դեպքերում պայմանավորված է բառի մեջ հանդիպող բաղաձայնների բնույթով: Երբ իրար են հաջորդում արտասանության նույն տեղն ունեցող կամ արտասանության տեղով մոտ հնչյուններ, ապա հնչումը խիստ դժվարանում է, և անկաշկանդ, ազատ խոսքում այդ խմբի հնչյուններից նախորդողը կա՛մ շատ թույլ է արտասանվում, որ հազիվ լսելի է, կա՛մ բոլորովին ընկնում է, ինչպես՝ պաճառ, անպաճառ, պաճեն, մաչելի, Մկրչյան բառերն արտասանվում են առանց տ-ի: Այս երևույթը կարելի է բացատրել նաև խոսքի արագ տեմպով, ինչպես՝ շաշատ (շատ-շատ) բառի արտասանությունը:
0024	para	37	166	199	Այդպես նաև խոսքի արագ ընթացքի ժամանակ երբեմն սղվում է ժ բաղաձայնը, ինչպես՝ երաշտական (փոխ.՝ երաժշտական), բշկական (փոխ.՝ բժշկական) և այլն:
0025	para	37	199	220	Խոսակցական լեզվում դ բաղաձայնի հավելում է նկատվում մի շարք բառերում, ինչպես՝ սանդր, մանդր, ծանդր:
0026	para	37	220	251	Ր-ի անկումը մի շարք դեպքերում ունի ժողովրդախոսակցական բնույթ, ինչպես՝ դուս արի (դուրս արի), աղչըկեք (աղջկերք), տղեք (տղերք), յեփ օր (երբ որ) և այլն:
0027	para	37	251	305	Ր բաղաձայնի անկում շատ է լինում երկրորդ թվականի արտասանության ժամանակ, ինչպես՝ եկրորդ, ինչպես նաև հրամայական եղանակի եզակի թվի բայերը գրեթե բոլորն արտասանում են առանց ր-ի, ինչպես՝ գրի՛ր-գրի՛, խոսի՛ր-խոսի՛, այդպես նաև՝ նստի՛, կանգնի՛, մաքրի՛ և այլն:
0028	para	37	306	378	Ր-ն երբեմն ռ է հնչվում, որն ընդունելի չէ, ինչպես՝ մա{ռ}տ, ա{ռ}ծիվ, մրմուռ-մ{ռ}մուռ, մրցել-մ{ռ}ցել, հարբել-հա{ռ}բել, վերնագիր-վե(ռ}նագիր, Ա{ռ}մեն, Ա{ռ}ման: Սա ոչ միայն ռուսախոսների շրջանակում է տարածված, այլև հայկական կրթություն ունեցողների, նույնիսկ հայերենի մասնագետների: Փոխառյալ բառերում նույնպես շատ հաճախ ռ է հնչվում, ինչպես՝ օպե{ռ}ա, դ{ռ}ամա, սպո{ռ}տ, էնե{ռ}գիա և այլն: Խոսակցական լեզվում երբեմն ռ-ն է հնչվում ր, ինչպես՝ պառկել-պա{ր}կել:
0029	para	37	378	419	Երևանի լեզվին հատուկ է նաև ղ բաղաձայնի անկումը, ինչպես՝ էս կոմ (կողմ) արի, էն կոմով (կողմով) բեր, թո (թող) նստի, ըստե (էստեղ//այստեղ), մի տե (տեղ) պահի, ըտե (էդտեղ//այդտեղ), ընդե (էնտեղ//այնտեղ) և այլն:
0030	para	37	419	493	Բաղաձայնների անկման երևույթներ կարող են երևան գալ բառավերջում, ինչպես՝ լ և ս բաղաձայնների անկումը՝ չեմ գալի (չեմ գալիս), չես բերե (չես բերել), չի տվե (չի տվել), չի ասե (չի ասել), չի տալի (չի տալիս), որտի՞ց ես ճարե (որտեղի՞ց ես ճարել), բան ա՞ պատահե (պատահել) և այլն: Այս երևույթը գրական նորմի տեսանկյունից ընդունելի չէ և հատուկ է միայն ժողովրդախոսակցական լեզվին: Լ բաղաձայնի անկումով է արտասանվում փայփլել (փայլփլել) բառը:
0031	para	37	493	524	Ս բաղաձայնի հավելումով է արտասանվում երկուս բառը. պետք է հիշել, որ ոչ թե երկուս, այլ երկու (ս-ով ձևը գործածվում է, երբ թվին մասնիկ կամ բառ է ավելանում, ինչպես՝ երկուսով, երկուսուկես և այլն):
0032	para	38	50	70	Ս բաղաձայնը հիսուն բառում վաթսուն {վացուն}-ի համաբանությամբ արտասանվում է ց {հիցուն}:
0033	para	38	70	101	Նկատելի է բառավերջի ս-ի ձայնեղացում՝ հատկապես փոխառյալ բառերում, ինչպես՝ ֆոկուս-ֆոկու{զ}, սոուս-սոու{զ}, Թիֆլիս-Թիֆլի{զ}, գլոբուս-գլոբու{զ}, ավտոբուս-ավտոբու{զ} և այլն:
0034	para	38	101	143	Ն բաղաձայնի անկումով են արտասանում հետևյալ բառերը՝ առաջի, վերջի, ինչպես՝ «Առաջի (առաջին) անգամ եմ տեսնում ըսենց բան», «Վերջի (վերջին) անգամ իրենց տանն եմ տեսել», կամ համատարած սխալ է պատճե բառը (փոխ.՝ պատճեն) և այլն:
0035	para	38	143	195	Բայց ահա որոշ բառեր էլ արտասանվում են ն բաղաձայնի հավելումով, ինչը ընդունելի չէ, ինչպես՝ ավելնորդ (ավելորդ), կանանչ (կանաչ), կանանցի (կանացի), մանրունք (մանրուք), ճանանչել (ճանաչել), ամանչել (ամաչել), անձեռնոցիկ (անձեռոցիկ), արտասունք (արտասուք), մանրունք (մանրուք), ընձեռնել (ընձեռել), մարմանջ (մարմաջ) և այլն:
0036	para	38	195	258	Հայտնի է, որ ե և ո տառերը բառամիջում՝ բաղաձայնից (բացառություն են կազմում կ և չ մասնիկով սկսվող բայաձևերը, որոնց վրա արտասանական այս օրենքը չի տարածվում) հետո, է և օ պետք է արտասանվեն, սակայն խոսակցական լեզվում դրանք սխալ են արտասանվում, ինչպես՝ ան[յ]ելանելի, քսան[յ]երկու, ան[վ]որոշ, ան[վ]ողնաշար, ան[վ]որակ, բար[վ]որակ, չար[վ]որակ և այլն:
0037	para	38	258	347	Ազատ, անկաշկանդ խոսքում շատ են հնչյունների առնմանության, տարնմանության դեպքերը, հնչյունների համընկման հնարավորությունները: Տեղի է ունենում հնչյունների տարնմանում ըստ արտաբերման տեղի, ինչպես՝ անփոփում (փոխ.՝ ամփոփում), անբիոն (փոխ.՝ ամբիոն), անբարիշտ (փոխ.՝ ամբարիշտ), Սնբատ (փոխ.՝ Սմբատ), շանփուր (փոխ.՝ շամփուր), ապստանբ (փոխ.՝ ապստամբ), անբաստանյալ (փոխ.՝ ամբաստանյալ), ամպայման (փոխ.՝ անպայման), ամմիջապես (փոխ.՝ անմիջապես):
0038	para	38	347	378	Շատ մարդիկ երբեմն անհասականալի պատճառներով սխալ են արտասանում մի շարք բառեր՝ ն-ի փոխարեն մ հնչյունը գործածելով, ինչպես՝ կոկոմ (փոխ.՝ կոկոն), ինչքամ (ինչքան):
0039	para	38	378	389	Մ բաղաձայնի հավելում կա իրավմամբ (փոխ.՝ իրավամբ) բառում:
0040	para	38	389	420	Հ հնչյունի հավելումով են արտասանում ելնել, ելա բառերը, ինչպես՝ հելնել, հելա, հ-ի անկումով՝ նախագա (նախագահ), հաշվապա (հաշվապահ), հերթապա (հերթապահ):
0041	para	38	420	461	Յ բաղաձայնի հավելում կա գ{յ}ազար (գազար), սյուն{յ}ակ, հորեղբո{յ}ր բառերում: Դրափոխության հետևանքով երբեմն յ բաղաձայնը հայտնվում է ոչ իր տեղում, ինչպես՝ աղուսյակ (փոխ.՝ աղյուսակ), սույնակ (փոխ.՝ սյունակ) և այլն:
0042	para	38	461	523	-Ույժ, -ույշ, -ույծ հնչյունակապակցություն ունեցող բառերում առկա է յ-ի անկում, ինչպես՝ ակնաբուժ (ակնաբույժ), զգուշ (զգույշ), տուժ (տույժ), մեղվաբուծ (մեղվաբույծ): Այս երևույթը նույնպես բանավոր լեզվում լայն տարածում ունի: Առանց յ-ի արտասանությունն այնքան է արմատացել, որ արդեն պետական հիմնարկություններում են այդպես գրում՝ ատամնաբուժ, մանկաբուժ և այլն:
0043	para	39	50	81	Շատ տարածված է նաև ույ երկհնչյունի պարզեցված արտասանությունը հետևյալ բառերում՝ արուն, ձուն, սառուց, ալուր, կապուտ, լուս և այլն:
0044	para	39	81	144	Եվ հակառակ երևույթը կա. երբ պետք է ույ երկհնչյունը վերածվի ու պարզ ձայնավորի՝ կանոնի համաձայն, սխալմամբ արտասանվում է ույ, ինչպես՝ գույնավոր (փոխ.՝ գունավոր), զույգընկեր (փոխ.՝ զուգընկեր), թույլանալ (փոխ.՝ թուլանալ), ծույլանալ (փոխ.՝ ծուլանալ), կույրանալ (փոխ.՝ կուրանալ), համբույրել (փոխ.՝ համբուրել), մշակույթային (փոխ.՝ մշակութային) և այլն:
0045	para	39	144	165	Թեքված ձևերում վ հնչյունը առանձին դեպքերում արտասանվում է ֆ՝ հաքաֆ (հագավ), էկաֆ (եկավ), բէրէլօֆ (բերելով), աֆտօյօֆ (ավտոյով):
0046	para	39	165	197	Երբեմն անտեղի քմայնացվում է դասական թվականի -երորդ վերջածանցին նախորդող թ հնչյունը և լսվում է ց, ինչպես՝ յո{ց}երորդ, ու{ց}երորդ:
0047	para	39	197	288	Երևանի խոսակցական լեզվին հատուկ են նաև բաղաձայնների արտասանական որոշ տեղաշարժերը, հատկապես առանձին բարբառների և խոսվածքների ազդեցության հետևանքով (ձայնեղների շնչեղացում, խլացում և հակառակը). սրանք հիմնականում անհատական բնույթ ունեն, ինչպես՝ ընկեր-ընգեր, ընկնել-ընգնել, հանկարծ-հանգարծ, գդալ-քթալ, գտնել-քթնել, գցել-քցել, խրտվիլակ-խրթվիլակ, երեկ-էրեգ, իրիկուն-իրիգուն, կիպ-քիփ, փտել-փթել, սուտ-սութ, սպանախ-սպանաղ, վարկաբեկել-վարքաբեկել, ախորժակ-ախոռժակ, լրիվ-լռիվ, ճանճ-ճանջ, ծունկ-ծունգ և այլն:
0048	para	39	288	350	Շատ տարածված է հնչյունների դրափոխությունը, ինչպես՝ համբյուր (փոխ.՝ համբույր), ձույն (փոխ.՝ ձյուն), հույր (փոխ.՝ հյուր), մույս (փոխ.՝ մյուս), ինքնուրյուն (փոխ.՝ ինքնուրույն), ողջյուն (փոխ.՝ ողջույն), հույթ (փոխ.՝ հյութ), զոնքաչ (փոխ.՝ զոքանչ), բախշել (փոխ.՝ բաշխել), սիպտակ (փոխ.՝ սպիտակ), բալանի (փոխ.՝ բանալի), ալանի25 (ոչ աղի իմաստով) (փոխ.՝ անալի), ցելաֆոն (փոխ.՝ ցելոֆան) և այլն:
0049	para	39	350	423	Խոսքի արագ արտաբերման ընթացքում հնչյուններից բացի կարող են սղվել նաև վանկեր, ինչպես՝ խօրթավոր (խորհրդավոր), խօրթակցել (խորհրդակցել), շնորկալցյուն (շնորհակալություն) և այլն: Երբեմն էլ հնչյունական սղումները կարող են այն աստիճանի հասնել, որ բառից մնա մի փոքր մաս, ինչպես՝ որովհետև՝ որտև, մորաքույր՝ մոք, հորաքույր՝ հոք, անձնանուններում՝ Վարդան՝ Վրթո, Գառնիկ՝ Գռնո, Բաղդասար՝ Բղդո և այլն. այսպիսի դեպքերում մեծ մասամբ սղվում են ձայնավորները:
0050	para	39-40	423	91	Պետք է խոսել նաև ռուսերենից հայերենին անցած բառերի՝ ռուսերենի նմանությամբ արտաբերելու սովորության մասին, ինչպես՝ Մոսկվա-Մասկվա. կոնֆետ-կանֆետ, շոկոլադ-շակալադ, քսեռոքս-քսեռըքս, տորթ-տոռծիկ, կոմպոզիտոր-կամպազիտըր, պոլիկլինիկա-պալիկլինիկա, այդպես նաև՝ ծիտան, պոլիծեխնիկ, կոլեկծիվ, պրակծիկա, ֆակուլծետ, մեձիա, ռաձիո, ձիպլոմ, ակաձեմիա, Ձինամո («տ»-ի փոխարեն՝ «ծ» և «դ»-ի փոխարեն՝ «ձ»): Ավելին, այս սկզբունքը հետևողականորեն կիրառվում է նաև մեծ թվով հայերեն բառերի նկատմամբ, այսինքն՝ ոչ միայն՝ սանծիմետր և պոլիծիկա, այլև՝ ճարահածյալ, ածյան, պածյան, մածյան, առավոծյան, արևմծյան, Արարածյան և այլն, ոչ միայն Վլաձիկ, Վալոձյա, Ձիանա, Էձիկ կամ Արծյոմ, այլև Ծիգրան, Բագրածյան, Բրուծյան, Գալսծյան, Լենինգրաձյան, Բայաձյան:
0051	para	40	91	228	Բանավոր խոսքի մեջ մի քանի այլ նմանատիպ շեղումներ էլ կան: Կարելի է առանձնացնել բառերի մի փոքր խումբ, որտեղ «ց»-ն բռնում է «դ»-ի տեղը. արցյունք, արցյոք, բրցյա: Ավելի հաճախադեպ է «թ»-ի փոխարինումը «ց»-ով -ություն (-ության, -ությամբ) վերջավորության մեջ, ինչպես՝ հաջողուցյուն, առողջուցյուն, հանրապետուցյուն, արագուցյուն և այլն: Այսօր շատ քիչ է հավանականությունը տեսնել մեկին, որը նման դեպքերում արտաբերում է «թ», այլ ոչ թե «ց»: Այսպես խոսում են գրեթե բոլորը՝ լրագրողն ու հեռուստահաղորդավարը, բանաստեղծն ու գրականագետը, ուստի անիմաստ է թվում այս կիրարկման՝ որպես շեղման և այս տեղում «թ» հնչյունի իրավունքի վերականգնման մասին խոսելը: Ակնհայտ է, որ այս խոսելաձևը գալիս է դպրոցից և ընտանիքից (չպետք է թերագնահատել նաև հեռուստատեսության դերը), այն այժմ նորմ է, որին պետք է վարժվեն նրանք, ովքեր ցանկանում են «լինել ինչպես բոլորը»:
0052	footnote	39	518	531	25 Ալանի նշանակում է թզի կամ դեղձի չրից պատրաստված քաղցրավենիք:
