լինել	to be	быть	frequency top-1000
որ	that, which, who	что, который	frequency top-1000
ու	and	и	frequency top-1000
մի	one, a; don't!	один, а; не (запрет)	frequency top-1000
կարդալ	to read	читать	frequency top-1000
ունենալ	to have	иметь	frequency top-1000
ինչ	what	что	frequency top-1000
գրել	to write	писать	frequency top-1000
այլ	other	другой	frequency top-1000
նա	he, she	он, она	frequency top-1000
ինչպես	how, as	как	frequency top-1000
այս	this	этот	frequency top-1000
լեզու	language	язык	frequency top-1000
գալ	to come	приходить	frequency top-1000
չէ	no, isn't (it?)	нет, не так ли	frequency top-1000
շատ	very, much, many	очень, много	frequency top-1000
էլ	too, also	тоже, также	frequency top-1000
ոչ	no, not	нет, не	frequency top-1000
իր	his/her own (reflexive); thing, item	его/её (свой); вещь	frequency top-1000
խոսակցական	colloquial	разговорный	frequency top-1000
այն	that	тот	frequency top-1000
մեջ	in, inside (տան մեջ — in the house); among	в, внутри; среди	frequency top-1000
տալ	to give	давать	frequency top-1000
կամ	or	или	frequency top-1000
թե	that; whether; or	что; ли; или	frequency top-1000
այդ	that	этот, тот	frequency top-1000
հայերեն	Armenian	армянский	frequency top-1000
իսկ	but, and (contrast)	а, же	frequency top-1000
խոսք	word; speech, talk	слово; речь	frequency top-1000
նաև	also	также	frequency top-1000
համար	for (ինձ համար — for me); number	для (послелог); номер	frequency top-1000
պետք	needed, required	нужный, необходимый	frequency top-1000
դու	you (sg)	ты	frequency top-1000
երբ	when	когда	frequency top-1000
նրա	his, her	его, её	frequency top-1000
բայց	but	но	frequency top-1000
երևան	Yerevan	Ереван	frequency top-1000
հետ	with (ընկերոջ հետ — with a friend); back (noun)	с; назад	frequency top-1000
ասել	to say	сказать, говорить	frequency top-1000
մեկ	1		frequency top-1000
անել	to do	делать	frequency top-1000
քանի	how many?	сколько?	frequency top-1000
կարող	able, can; capable	способный, может	frequency top-1000
ավելի	more, beyond	больше, более	frequency top-1000
բոլոր	all, every	все	frequency top-1000
մեծ	big	большой	frequency top-1000
նրանք	they	они	frequency top-1000
մենք	we	мы	frequency top-1000
ինձ	me (dat/acc of ես)	меня, мне	frequency top-1000
նրան	him, her (dat/acc of նա)	его, ему	frequency top-1000
խոսել	to speak	говорить	frequency top-1000
լավ	good	хороший	frequency top-1000
որոնք	which, what	которые, какие	frequency top-1000
դուք	you (pl/formal)	вы	frequency top-1000
վրա	on, upon (սեղանի վրա — on the table)	на, поверх	frequency top-1000
մարդ	human being	человек	frequency top-1000
քեզ	you (dat/acc of դու)	тебя, тебе	frequency top-1000
երկու	2		frequency top-1000
ով	who	кто	frequency top-1000
ուտել	to eat	есть, кушать	frequency top-1000
իմ	my	мой	frequency top-1000
օրինակ	example; for example (also: օրինակի համար)	пример; например	frequency top-1000
նրանց	them; their (gen/dat of նրանք)	их, им	frequency top-1000
սեր	love (noun)	любовь	frequency top-1000
գրական	literary	литературный	frequency top-1000
նոր	new	новый	frequency top-1000
ամեն	every	каждый	frequency top-1000
բառ	word	слово	frequency top-1000
տեսնել	to see	видеть	frequency top-1000
այստեղ	here	здесь, тут	frequency top-1000
բան	thing	вещь	frequency top-1000
ձեր	your (pl/formal)	ваш	frequency top-1000
եթե	if	если	frequency top-1000
օր	day	день	frequency top-1000
առաջ	before, ago; forward	до, тому назад; вперёд	frequency top-1000
այո	yes	да	frequency top-1000
սա	this (one)	это	frequency top-1000
տուն	house, home	дом	frequency top-1000
հայր	father	отец	frequency top-1000
հաճախ	often	часто	frequency top-1000
տարբեր	different, various	разный, различный	frequency top-1000
իրենց	their; them (gen/dat of իրենք)	их, им	frequency top-1000
որտեղ	where	где	frequency top-1000
հայոց	Armenian	армянский	frequency top-1000
վազել	to run	бежать	frequency top-1000
հայ	Armenian	армянин, армянский	frequency top-1000
մասին	about, concerning (քո մասին — about you)	о, про	frequency top-1000
ժամ	hour	час	frequency top-1000
կողմ	side, direction; party	сторона; направление	frequency top-1000
ժամանակ	time, period	время	frequency top-1000
մյուս	other	другой	frequency top-1000
մոտ	near, close to	рядом, около	frequency top-1000
ուզել	to want, wish, desire	хотеть, желать	frequency top-1000
քաղաք	city	город	frequency top-1000
գիտենալ	to know	знать	frequency top-1000
ըստ	according to (ըստ օրենքի — according to the law)	согласно, по	frequency top-1000
այսօր	today	сегодня	frequency top-1000
չէր	wasn't (3sg)	не был(-а)	frequency top-1000
հայաստան	Armenia	Армения	frequency top-1000
մայր	mother	мать	frequency top-1000
առաջին	1st		frequency top-1000
անուն	name	имя	frequency top-1000
կա	(there) is, exists	есть, имеется	frequency top-1000
տեղ	place, location, locality, position	место, местоположение	frequency top-1000
նստել	to sit down	садиться	frequency top-1000
դուրս	out, outside	снаружи, наружу	frequency top-1000
ընկնել	to fall	падать	frequency top-1000
երբեմն	sometimes, occasionally	иногда	frequency top-1000
նման	similar, like, resembling	похожий, подобный	frequency top-1000
քո	your (sg)	твой	frequency top-1000
միջոց	means, method	средство, способ	frequency top-1000
տարի	year	год	frequency top-1000
ում	whom; whose; to whom (gen/dat/acc of ով)	кому, чей, кого	frequency top-1000
սխալ	wrong, incorrect	неправильный, ошибочный	frequency top-1000
բերել	to bring, to fetch	приносить	frequency top-1000
ձեռք	hand	рука	frequency top-1000
հետո	after, then	после, потом	frequency top-1000
ալ	also, too (W. Arm., dialectal, = էլ)	тоже, и	frequency top-1000
իմաստ	sense, meaning	смысл, значение	frequency top-1000
ուր	where	где, куда	frequency top-1000
թագավոր	king	король	frequency top-1000
նախադասություն	sentence	предложение	frequency top-1000
դառնալ	to become, to turn	становиться, превращаться	frequency top-1000
առնել	to take, to buy	брать, покупать	frequency top-1000
սակայն	however, but, yet	однако, но	frequency top-1000
գիրք	book	книга	frequency top-1000
բառապաշար	vocabulary	словарный запас, лексика	frequency top-1000
կան	there are	есть, имеются	frequency top-1000
գնալ	to go	идти, ходить	frequency top-1000
ինչու	why	почему	frequency top-1000
ապա	then, after that	потом, затем	frequency top-1000
դրանք	those; they (inanimate)	те; они	frequency top-1000
ժամանակակից	contemporary	современный	frequency top-1000
լեզվական	linguistic	языковой, лингвистический	frequency top-1000
փոքր	small	маленький	frequency top-1000
իրար	each other	друг друга	frequency top-1000
երևույթ	phenomenon; appearance (բնական երևույթ)	явление	frequency top-1000
հասարակական	social; public; common	общественный; публичный; общий	frequency top-1000
արդեն	already	уже	frequency top-1000
ուրիշ	other, different	другой	frequency top-1000
հազար	1000		frequency top-1000
մինչև	until, till; up to	до, вплоть до	frequency top-1000
կրթություն	education	образование	frequency top-1000
գլուխ	head	голова	frequency top-1000
ձեզ	you, pl/formal (dat/acc of դուք)	вас, вам	frequency top-1000
տվյալ	given, this; data (pl. տվյալներ)	данный; данные	frequency top-1000
առօրյա	everyday, daily routine	повседневный, будни	frequency top-1000
դպրոց	school	школа	frequency top-1000
նույն	same	тот же, одинаковый	frequency top-1000
վեր	up, upward; upper part	вверх; верх	frequency top-1000
որևէ	any	какой-либо, любой	frequency top-1000
հայկական	Armenian (adjective)	армянский	frequency top-1000
միշտ	always	всегда	frequency top-1000
միայն	only	только	frequency top-1000
որոշ	some, certain	некоторый	frequency top-1000
արտահայտել	to express	выражать	frequency top-1000
բնորոշ	characteristic, typical	характерный, типичный	frequency top-1000
քույր	sister	сестра	frequency top-1000
որոնց	of which	которых	frequency top-1000
որպես	as, like	как, в качестве	frequency top-1000
բժիշկ	doctor, physician	врач, доктор	frequency top-1000
մեզ	us (dat/acc of մենք)	нас, нам	frequency top-1000
լսել	to hear, to listen; to obey	слышать, слушать; слушаться	frequency top-1000
ճիշտ	right, correct	правильный, верный	frequency top-1000
նամակ	letter	письмо	frequency top-1000
հիմա	now	сейчас	frequency top-1000
օտար	foreign	чужой, иностранный	frequency top-1000
արև	sun	солнце	frequency top-1000
աշխարհ	world, universe	мир, вселенная	frequency top-1000
երեք	3		frequency top-1000
տանել	to take	нести, везти, относить	frequency top-1000
երեխա	child	ребёнок	frequency top-1000
դնել	to put, to place	класть, ставить	frequency top-1000
այնտեղ	there	там	frequency top-1000
որքան	how much, as much as	сколько, насколько	frequency top-1000
անվանի	famous, renowned	знаменитый, именитый	frequency top-1000
խաղալ	to play	играть	frequency top-1000
անգամ	time, instance; even	раз; даже	frequency top-1000
խնդրեմ	please; you're welcome	пожалуйста	frequency top-1000
կարելի	possible	можно, возможно	frequency top-1000
կյանք	life	жизнь	frequency top-1000
սովորել	to learn	учиться, учить	frequency top-1000
աչք	eye	глаз	frequency top-1000
դա	that (one)	то	frequency top-1000
էջ	page	страница	frequency top-1000
փոխարեն	instead of (իմ փոխարեն — instead of me)	вместо	frequency top-1000
գեղեցիկ	beautiful	красивый	frequency top-1000
ապրել	to live	жить	frequency top-1000
ընկեր	friend	друг	frequency top-1000
ան	he, she (W. Arm. / colloq.; Eastern: նա)	он, она	frequency top-1000
մաս	part, piece; bit, morsel	часть, кусок; кусочек	frequency top-1000
կարևոր	important	важный	frequency top-1000
կին	woman	женщина	frequency top-1000
գործ	work, business, matter	дело, работа	frequency top-1000
առանց	without (առանց քեզ — without you)	без	frequency top-1000
կիրառություն	use, application	применение	frequency top-1000
դեռ	still, yet	ещё, пока	frequency top-1000
դեմք	face	лицо	frequency top-1000
քիչ	little, few	мало	frequency top-1000
պես	like, as (քո պես — like you)	как, подобно	frequency top-1000
ռուսերեն	Russian	русский (язык)	frequency top-1000
լալ	to cry, to weep	плакать, рыдать	frequency top-1000
տիկին	Mrs., madam	госпожа, мадам	frequency top-1000
աղջիկ	girl	девочка, девушка	frequency top-1000
երկար	long	длинный, долгий	frequency top-1000
արտահայտություն	expression	выражение	frequency top-1000
բանավոր	oral, verbal	устный	frequency top-1000
այսպես	thus, like this	так, вот так	frequency top-1000
հարյուր	100		frequency top-1000
համալսարան	university	университет	frequency top-1000
նշել	to mark, to note	отмечать, помечать	frequency top-1000
աշակերտ	pupil (male)	ученик	frequency top-1000
երիտասարդ	young (man)	молодой (человек)	frequency top-1000
վատ	bad	плохой	frequency top-1000
դեմ	against (պատերազմի դեմ — against war); opposite	против	frequency top-1000
գործածություն	use, usage	употребление	frequency top-1000
ոճական	stylistic	стилистический	frequency top-1000
հիմնականում	mainly, basically	в основном, главным образом	frequency top-1000
հին	old	старый	frequency top-1000
մնալ	to remain, stay	оставаться	frequency top-1000
ամբողջ	entire	весь, целый	frequency top-1000
դուռ	door	дверь	frequency top-1000
կոչվել	to be called, be named	называться	frequency top-1000
յուրաքանչյուր	each, every	каждый	frequency top-1000
հատկապես	especially	особенно	frequency top-1000
հարցնել	to ask	спрашивать	frequency top-1000
այսինքն	i.e., namely	то есть, а именно	frequency top-1000
տարեկան	annual; -years-old	годовой; -летний	frequency top-1000
չկա	(there) isn't, doesn't exist	нет, не имеется	frequency top-1000
տակ	under (սեղանի տակ — under the table); bottom	под; низ	frequency top-1000
ընդհանուր	general, universal, common	общий, всеобщий	frequency top-1000
թվական	date, year	дата, год	frequency top-1000
հագուստ	clothing	одежда	frequency top-1000
այնքան	so	так, настолько	frequency top-1000
չորս	4		frequency top-1000
ուսանող	university student	студент	frequency top-1000
խմել	to drink	пить	frequency top-1000
լույս	light	свет	frequency top-1000
հատուկ	special	особый, специальный	frequency top-1000
հավանել	to like, to approve; to agree	нравиться, одобрять	frequency top-1000
բազմաթիվ	numerous, many	многочисленный, многие	frequency top-1000
պետական	state; national; public	государственный; национальный; общественный	frequency top-1000
հիմնական	basic, fundamental	основной, фундаментальный	frequency top-1000
ձև	form; shape; pattern	форма; вид; образец	frequency top-1000
կես	half	половина	frequency top-1000
չափ	measure, size	мера, размер	frequency top-1000
հինգ	5		frequency top-1000
եղբայր	brother	брат	frequency top-1000
արա	hey, dude (voc.); do! (imp. of անել; մի՛ արա = don't)	эй, чувак; делай!	frequency top-1000
նշանակել	to mean	значить, обозначать	frequency top-1000
վերջին	last, final	последний	frequency top-1000
եղանակ	weather	погода	frequency top-1000
այսպիսի	such; such a; of this kind; like this	такой, подобный	frequency top-1000
գիշեր	night	ночь	frequency top-1000
աշխատանք	work, labor	работа, труд	frequency top-1000
այդպես	thus, like that	так, вот так	frequency top-1000
նպատակ	aim	цель	frequency top-1000
բարբառ	dialect	диалект	frequency top-1000
մասնագիտական	professional	профессиональный	frequency top-1000
անգլերեն	English	английский	frequency top-1000
հասկանալ	understand	понимать	frequency top-1000
դժվար	hard, difficult, challenging	трудный, тяжёлый	frequency top-1000
հոգնել	to get tired	уставать	frequency top-1000
հիվանդ	sick, ill, diseased	больной	frequency top-1000
դեր	role	роль	frequency top-1000
անդամ	member; limb	член; конечность	frequency top-1000
նկատմամբ	towards, regarding, concerning	по отношению к, относительно	frequency top-1000
երկիր	country	страна	frequency top-1000
հայտնի	well-known	известный	frequency top-1000
աշխատել	to work	работать	frequency top-1000
սիրտ	heart	сердце	frequency top-1000
թողնել	to leave, allow (colloq: թողել)	оставить, разрешать	frequency top-1000
շուն	dog	собака	frequency top-1000
այնպես	so, that way	так, таким образом	frequency top-1000
հա	yeah, yes	да, ага	frequency top-1000
այժմ	now, at present, at this moment in time	сейчас, в настоящее время	frequency top-1000
կիրառվել	to be applied, used	применяться	frequency top-1000
առանձին	separate, single	отдельный, особый	frequency top-1000
դեպի	towards (դեպի տուն — towards home)	к, по направлению к	frequency top-1000
բարի	kind	добрый	frequency top-1000
նորից	again	снова, опять	frequency top-1000
գտնել	to find	находить	frequency top-1000
լայն	wide	широкий	frequency top-1000
ներս	in, inside (ներս մտնել — to enter)	внутрь, внутри	frequency top-1000
շաբաթ	week; Saturday	неделя; суббота	frequency top-1000
հաց	bread	хлеб	frequency top-1000
դուր գալ	to please, to be liked (ինձ դուր է գալիս — I like it)	нравиться	frequency top-1000
անց	past (ութն անց կես — half past eight; անց կենալ — to pass)	после (о времени)	frequency top-1000
բաց	open, not closed	открытый	frequency top-1000
հարց	question	вопрос	frequency top-1000
ժողովուրդ	nation, people, folk	народ	frequency top-1000
ընթացքում	during, in the course of (դասի ընթացքում — during the class)	в течение	frequency top-1000
պատմություն	story		frequency top-1000
տասը	10		frequency top-1000
ցույց	demonstration, manifestation, rally		frequency top-1000
հեռու	far, distant, remote		frequency top-1000
քան	than (comparative)	чем	frequency top-1000
առարկա	object; thing		frequency top-1000
վերաբերմունք	attitude	отношение	frequency top-1000
որոշակի	certain, clear		frequency top-1000
ինչպիսի	what a ...!		frequency top-1000
անտառ	forest		frequency top-1000
սեղան	table		frequency top-1000
ջուր	water		frequency top-1000
ուրախ	happy, glad, cheerful		frequency top-1000
չէիր	weren't (2sg)	ты не был(-а)	frequency top-1000
ևս	also, too, as well	тоже, также	frequency top-1000
միջև	among, between		frequency top-1000
պատճառով	by reason of, because of		frequency top-1000
հանդես	festival, celebrations, festivities		frequency top-1000
դարձնել	to make, turn (sth) into	превратить, делать	frequency top-1000
այնպիսի	such, suchlike		frequency top-1000
պայմանավորված	conditioned by, due to	обусловленный	frequency top-1000
մի քիչ	a little, a bit	немного, чуть-чуть	frequency top-1000
կտոր	piece		frequency top-1000
ծառ	tree		frequency top-1000
անցնել	to pass, cross, go by	проходить, переходить	frequency top-1000
մտնել	to enter		frequency top-1000
արի	come! (imp. of գալ)	иди!	frequency top-1000
մատիտ	pencil		frequency top-1000
տղա	boy		frequency top-1000
չէիք	weren't (2pl/formal)	вы не были	frequency top-1000
պարզ	not clouded, clear, serene		frequency top-1000
կապ	tie, bond		frequency top-1000
խելք	brains; mind; wit, intellect; intelligence		frequency top-1000
միավոր	unit	единица	frequency top-1000
կազմել	to compose, form, put together		frequency top-1000
գրավոր	written		frequency top-1000
ավելորդ	superfluous		frequency top-1000
վախենալ	to fear		frequency top-1000
կենդանի	animal		frequency top-1000
կարծել	to believe, think, judge, consider, suppose		frequency top-1000
թատրոն	theater		frequency top-1000
թվել	to seem	казаться	frequency top-1000
անձրև	rain		frequency top-1000
երկրորդ	2nd		frequency top-1000
գտնվել	to be located, be found	находиться	frequency top-1000
որովհետև	because, since		frequency top-1000
տարբերություն	difference		frequency top-1000
կերպ	method, way, mode, manner		frequency top-1000
ուստի	therefore, hence	поэтому	frequency top-1000
բարբառային	dialectal		frequency top-1000
ամառ	summer		frequency top-1000
տվեց	gave (3sg aor of տալ)	дал(-а)	frequency top-1000
բարձր	high		frequency top-1000
ստանալ	to receive		frequency top-1000
ձյուն	snow		frequency top-1000
փողոց	street		frequency top-1000
գյուղ	village		frequency top-1000
բարև	hello	привет	frequency top-1000
ահա	here, behold	вот, гляди	frequency top-1000
կար	there was (past of կա); sewing (կար ու ձև — tailoring)	было; шитьё	frequency top-1000
գիտություն	science		frequency top-1000
խնդիր	request		frequency top-1000
սովորաբար	usually	обычно	frequency top-1000
միտք	brains, mind, intellect; reflection, thinking		frequency top-1000
նկատել	to note		frequency top-1000
հարուստ	rich		frequency top-1000
նույնիսկ	even		frequency top-1000
ազգային	national		frequency top-1000
գործել	to function, work, operate; to act		frequency top-1000
հակառակ	despite		frequency top-1000
րոպե	minute		frequency top-1000
երեկ	yesterday		frequency top-1000
ոչինչ	nothing		frequency top-1000
նախ	first, in the first place, firstly		frequency top-1000
գետ	river	река	frequency top-1000
կանաչ	green		frequency top-1000
փոխ	loan, borrowing		frequency top-1000
հաճախակի	frequent		frequency top-1000
տարածված	common, widespread		frequency top-1000
հասարակություն	society		frequency top-1000
ուսումնական	academic, school	учебный, школьный	frequency top-1000
գարուն	spring		frequency top-1000
դիմել	to apply		frequency top-1000
ազատ	free		frequency top-1000
սպասել	to wait; to expect, await		frequency top-1000
չէինք	weren't (1pl)	мы не были	frequency top-1000
պահ	moment, instant	момент, миг	frequency top-1000
տեղի	place		frequency top-1000
այլև	also, moreover	также, к тому же	frequency top-1000
շրջան	circle		frequency top-1000
բնույթ	nature, character		frequency top-1000
գործածել	to utilize, employ, make use of, use		frequency top-1000
քերականական	grammatical		frequency top-1000
հատկանիշ	characteristic, distinctive, peculiar, idiosyncratic		frequency top-1000
գույն	color		frequency top-1000
կարմիր	red		frequency top-1000
ոտք	foot, leg		frequency top-1000
ուժ	strength		frequency top-1000
պահել	to keep		frequency top-1000
պատճառ	reason, cause		frequency top-1000
ասա	say! (imp. of ասել)	скажи!	frequency top-1000
սուրբ	holy, sacred		frequency top-1000
ձուկ	fish		frequency top-1000
երգել	to sing		frequency top-1000
երես	face		frequency top-1000
թեև	although, though		frequency top-1000
անցյալ	past, last		frequency top-1000
ոճ	style, manner		frequency top-1000
հուզված	agitated, moved, emotional	взволнованный	frequency top-1000
առավել	more, much, far		frequency top-1000
անընդհատ	continuous, uninterrupted, unbroken, continual, unceasing		frequency top-1000
անհրաժեշտ	necessary, required		frequency top-1000
թիվ	number		frequency top-1000
գիտական	scientific		frequency top-1000
փորձել	to try		frequency top-1000
ձմեռ	winter		frequency top-1000
տաք	warm		frequency top-1000
կատարել	to perform		frequency top-1000
արագ	fast, quick		frequency top-1000
դաս	class; category; order		frequency top-1000
ճաշ	dinner		frequency top-1000
վիճակ	state, condition		frequency top-1000
երգ	song		frequency top-1000
կարգ	system, order, rank, class; category		frequency top-1000
հենց	exactly, just	именно, как раз	frequency top-1000
ուսումնասիրություն	research, study, survey		frequency top-1000
իրողություն	reality		frequency top-1000
հետևյալ	following		frequency top-1000
ժողովրդախոսակցական	vernacular, colloquial	народно-разговорный	frequency top-1000
կրթական	educational		frequency top-1000
խումբ	group		frequency top-1000
պատասխանել	to answer		frequency top-1000
բռնել	to hold		frequency top-1000
սիրել	to love, to like		frequency top-1000
դրա	of that	того	frequency top-1000
ուսուցիչ	teacher		frequency top-1000
կախվել	to hang		frequency top-1000
փոքրիկ	small		frequency top-1000
նկար	picture, drawing, painting; image		frequency top-1000
կողք	side, flank		frequency top-1000
գրադարան	library		frequency top-1000
գնա	go! (imp. of գնալ)	иди!	frequency top-1000
մտածել	to think		frequency top-1000
առ	plunder, pillage		frequency top-1000
այլևս	no longer, not anymore		frequency top-1000
մամուլ	pressing machine, press		frequency top-1000
ոչ միայն	not only	не только	frequency top-1000
տաճար	temple, cathedral, sanctuary		frequency top-1000
մի շարք	a series, a number of	ряд, несколько	frequency top-1000
կառույց	structure		frequency top-1000
տարբերակ	variant, version, variety		frequency top-1000
վեզիր	vizier		frequency top-1000
հնչյուն	sound		frequency top-1000
ձայնավոր	vowel		frequency top-1000
ստեղծել	to create		frequency top-1000
հիանալի	wonderful		frequency top-1000
բերան	mouth		frequency top-1000
հանել	take off		frequency top-1000
միասին	together		frequency top-1000
կամաց	slow		frequency top-1000
ծաղիկ	flower		frequency top-1000
ոսկի	gold	золото	frequency top-1000
շուտ	soon, quickly, early	скоро, быстро, рано	frequency top-1000
վաղը	tomorrow		frequency top-1000
դրամ	money		frequency top-1000
երեկո	evening		frequency top-1000
յոթ	7		frequency top-1000
բա	well, what about	ну, а как же	frequency top-1000
ծով	sea		frequency top-1000
լի	full , packed		frequency top-1000
սուրճ	coffee		frequency top-1000
մայրենի	maternal		frequency top-1000
քար	stone, rock	камень	frequency top-1000
աստված	god		frequency top-1000
բարձրագույն	highest, supreme		frequency top-1000
հող	earth		frequency top-1000
բավական	enough, sufficient		frequency top-1000
որդի	son		frequency top-1000
հեռանալ	to go away		frequency top-1000
կրկին	again		frequency top-1000
սկսել	to start		frequency top-1000
թող	let (him/it/them); may	пусть	frequency top-1000
ցանկանալ	to wish		frequency top-1000
գրականություն	literature		frequency top-1000
խնդրել	to request, to ask		frequency top-1000
բարով	with pleasure, with love, willingly		frequency top-1000
ուրեմն	so, then	значит, итак	frequency top-1000
ցավել	to ache, to hurt		frequency top-1000
ծանր	heavy		frequency top-1000
քամի	wind		frequency top-1000
ֆրանսիա	France		frequency top-1000
ելնել	to go out, to rise	выходить, подниматься	frequency top-1000
մանուկ	baby, infant; child		frequency top-1000
ձայն	sound		frequency top-1000
պակաս	incomplete; missing; insufficient		frequency top-1000
հանդիպում	meeting, encounter		frequency top-1000
հետևանք	consequence		frequency top-1000
հասնել	to reach		frequency top-1000
կենտրոն	center		frequency top-1000
գոյական	noun (grammatical term)	существительное	frequency top-1000
միջին	middle		frequency top-1000
իշխան	prince, ruler, ishkhan		frequency top-1000
բաղաձայն	consonant		frequency top-1000
առանձնահատկություն	peculiarity, distinctive feature	особенность	frequency top-1000
հանրակրթական	general-education, public-school	общеобразовательный	frequency top-1000
հնարավորություն	chance		frequency top-1000
ծեր	old		frequency top-1000
թույլ	weak		frequency top-1000
ազգանուն	surname	фамилия	frequency top-1000
դասարան	classroom, schoolroom		frequency top-1000
իհարկե	of course	конечно, разумеется	frequency top-1000
պարոն	mister, sir (պարոն Սարյան — Mr. Saryan)	господин	frequency top-1000
անշուշտ	certainly, undoubtedly	конечно, безусловно	frequency top-1000
վեց	6		frequency top-1000
կարծիք	opinion		frequency top-1000
տարիք	age		frequency top-1000
հյուր	guest, visitor		frequency top-1000
երրորդ	3rd		frequency top-1000
ծնվել	to be born	родиться	frequency top-1000
նույնպես	also, too, as well		frequency top-1000
սև	black		frequency top-1000
հիշել	to remember; to recall		frequency top-1000
ընտանիք	family		frequency top-1000
շնորհիվ	thanks to, owing to, due to		frequency top-1000
վեպ	novel; romance		frequency top-1000
բայ	verb		frequency top-1000
հնարավոր	possible		frequency top-1000
հաստատություն	institution, establishment	учреждение	frequency top-1000
արժեք	value, worth, cost, price		frequency top-1000
փոխառություն	loan		frequency top-1000
մակարդակ	level		frequency top-1000
նյութ	matter, substance; material, stuff		frequency top-1000
ժարգոն	jargon		frequency top-1000
ֆրանսերեն	French	французский	frequency top-1000
օդ	air		frequency top-1000
հայացք	look, glance, gaze		frequency top-1000
ամեն ինչ	everything	всё	frequency top-1000
ութ	8		frequency top-1000
պատրաստ	prepared, ready		frequency top-1000
ցավ	pain, ache		frequency top-1000
օգնել	to help, to assist, to aid		frequency top-1000
ռուսաստան	Russia	Россия	frequency top-1000
ճանապարհ	road, path, way, route		frequency top-1000
զարկել	to hit, to strike	ударить, бить	frequency top-1000
ռուս	Russian		frequency top-1000
գառ	lamb		frequency top-1000
սենյակ	room		frequency top-1000
ճանաչում	recognition		frequency top-1000
վաղուց	a long time ago, long ago		frequency top-1000
երբեք	never		frequency top-1000
դար	century, 100 years		frequency top-1000
վազ	run, running		frequency top-1000
նպաստել	to contribute, to foster	способствовать, содействовать	frequency top-1000
կրակ	fire		frequency top-1000
ջան	exclamation of joy, pleasure		frequency top-1000
սովորական	usual, common, ordinary, customary, habitual, familiar		frequency top-1000
նշանակություն	meaning, significance	значение	frequency top-1000
այբուբեն	alphabet		frequency top-1000
պատասխան	answer		frequency top-1000
այցելել	to visit		frequency top-1000
շուկա	market		frequency top-1000
տեսակ	variety, sort		frequency top-1000
գիտնական	scientist		frequency top-1000
վերջապես	finally		frequency top-1000
ուժեղ	strong		frequency top-1000
կանչել	to call		frequency top-1000
հարևան	neighbor		frequency top-1000
քսան	20		frequency top-1000
շնորհակալ	thankful	благодарный	frequency top-1000
գինի	wine		frequency top-1000
ծանոթ	familiar, known		frequency top-1000
դիմաց	opposite, facing, against		frequency top-1000
առատ	abundant, abounding, plentiful, copious		frequency top-1000
լեռ	mountain, mount		frequency top-1000
որոշել	to decide		frequency top-1000
լվանալ	to wash		frequency top-1000
ական	sap, tunnel		frequency top-1000
բառարան	dictionary		frequency top-1000
տուր	give! (imp. of տալ)	дай!	frequency top-1000
տեր	lord, owner; Mr.	господин, владелец	frequency top-1000
քաշել	to pull, to drag		frequency top-1000
առավոտ	morning		frequency top-1000
անկյուն	angle		frequency top-1000
իբրև	as, like, in quality of		frequency top-1000
ամիս	month		frequency top-1000
զգալ	to feel, to sense		frequency top-1000
ետ	back, backward		frequency top-1000
ման	spinning		frequency top-1000
միմյանց	each other, one another		frequency top-1000
ինքը	he/she (emphatic)	он/она (сам)	frequency top-1000
ծագում	origin		frequency top-1000
ներկայացնել	to present, introduce	представить, представлять	frequency top-1000
միջազգային	international		frequency top-1000
հանգամանք	circumstance		frequency top-1000
համապատասխան	appropriate, proper		frequency top-1000
միաժամանակ	at the same time		frequency top-1000
անհատ	individual	личность, индивид	frequency top-1000
դարձված	idiom		frequency top-1000
կիրառում	application, use		frequency top-1000
գերմաներեն	German	немецкий	frequency top-1000
հայրենիք	fatherland		frequency top-1000
խորհուրդ	advice		frequency top-1000
թռչուն	bird		frequency top-1000
փիղ	elephant		frequency top-1000
գրեթե	almost		frequency top-1000
տնօրեն	director		frequency top-1000
քայլել	to walk		frequency top-1000
բնություն	nature		frequency top-1000
տասներկու	12		frequency top-1000
շնորհակալություն	gratefulness, thankfulness		frequency top-1000
պար	dance		frequency top-1000
պատ	wall		frequency top-1000
ինչքան	how much		frequency top-1000
արյուն	blood		frequency top-1000
աստիճան	degree		frequency top-1000
կաթ	milk		frequency top-1000
ուրախություն	joy		frequency top-1000
անուշ	sweet		frequency top-1000
ձի	horse		frequency top-1000
տար	distant, far off, remote		frequency top-1000
կառուցվել	to be built	строиться	frequency top-1000
մեռնել	to die		frequency top-1000
եկեղեցի	church		frequency top-1000
աղբյուր	spring, fountain, source of water		frequency top-1000
մշակույթ	culture		frequency top-1000
հաղորդում	announcement, communication, statement		frequency top-1000
անկում	fall, tumble, collapse, drop		frequency top-1000
ոլորտ	sphere, realm		frequency top-1000
միջնակարգ	secondary (school)	средний (о школе)	frequency top-1000
հանրույթ	community	сообщество	frequency top-1000
երանգավորել	to tint, shade, give a tone	оттенять, придавать оттенок	frequency top-1000
միլիոն	1000000		frequency top-1000
շենք	building		frequency top-1000
կարողանալ	to be able		frequency top-1000
արագիլ	stork		frequency top-1000
գյուղացի	peasant		frequency top-1000
դասախոս	professor, lecturer		frequency top-1000
աշուն	autumn		frequency top-1000
թափել	to pour		frequency top-1000
սիրուն	pretty		frequency top-1000
բացել	to open		frequency top-1000
քեռի	uncle		frequency top-1000
խաղ	game, play		frequency top-1000
գին	price; cost		frequency top-1000
հունաստան	Greece		frequency top-1000
բանալ	to open		frequency top-1000
շուրջ	around (սեղանի շուրջ — around the table)	вокруг	frequency top-1000
իրենք	they (themselves)	они (сами)	frequency top-1000
ընկերություն	friendship		frequency top-1000
պապ	grandfather		frequency top-1000
լիճ	lake		frequency top-1000
հետևել	to follow		frequency top-1000
որպեսզի	in order to		frequency top-1000
նախագահ	president		frequency top-1000
բացի	besides, except, apart from		frequency top-1000
երկինք	sky		frequency top-1000
դեռևս	yet		frequency top-1000
հազիվ	barely, scarcely, just		frequency top-1000
սեփական	own, one's own; private	собственный; частный	frequency top-1000
հետևաբար	consequently, therefore, hence		frequency top-1000
ներքին	inside, interior, inner, internal		frequency top-1000
խիստ	strict, severe, stringent, austere, stern		frequency top-1000
էն	that (colloq dialectal of այն)	то (разг.)	frequency top-1000
համակարգ	system		frequency top-1000
հասկացություն	concept, notion	понятие	frequency top-1000
շարահյուսական	syntactic	синтаксический	frequency top-1000
մեթոդ	method, procedure, means		frequency top-1000
գործառական	functional	функциональный	frequency top-1000
մեջք	back		frequency top-1000
գործողություն	action		frequency top-1000
փնտրել	to look for, to search	искать	frequency top-1000
անծանոթ	unfamiliar; stranger	незнакомый; незнакомец	frequency top-1000
բացվել	to open up		frequency top-1000
սիրելի	dear, beloved		frequency top-1000
հասցե	address		frequency top-1000
ախորժակ	appetite		frequency top-1000
թերթ	petal		frequency top-1000
կրկնել	to repeat		frequency top-1000
փոր	belly, abdomen		frequency top-1000
սկսվել	to begin, start (intr.)	начинаться	frequency top-1000
արտաքին	outward, external, outer		frequency top-1000
իսկապես	really, indeed	действительно, правда	frequency top-1000
ծրագիր	program, plan, project		frequency top-1000
նախընտրել	to prefer, to give preference to, to favor		frequency top-1000
աղբ	garbage, trash, rubbish		frequency top-1000
ծնունդ	birth		frequency top-1000
որդ	worm		frequency top-1000
այգի	vineyard		frequency top-1000
հույս	hope		frequency top-1000
մահ	death	смерть	frequency top-1000
աղքատ	poor, indigent		frequency top-1000
էշ	donkey, ass		frequency top-1000
մատ	finger; toe		frequency top-1000
երևում	appearance, emergence		frequency top-1000
ճակատ	forehead		frequency top-1000
առջև	before, in front of in space		frequency top-1000
սրանք	these		frequency top-1000
այդպիսի	such; such a; of that kind; like that		frequency top-1000
իմաստուն	wise		frequency top-1000
մինչդեռ	whereas, while	тогда как, в то время как	frequency top-1000
ոնց	how		frequency top-1000
բախտ	luck, fortune		frequency top-1000
որոշում	decision		frequency top-1000
թիթեռնիկ	little butterfly	бабочка (уменьш.)	frequency top-1000
քաղաքական	political		frequency top-1000
հոգ	care		frequency top-1000
տարածել	to spread ; to stretch, to extend		frequency top-1000
իսկական	real, true, genuine, authentic		frequency top-1000
շերտ	slice; stripe, strip, streak		frequency top-1000
ուղղություն	direction; course		frequency top-1000
դրական	positive		frequency top-1000
կապակցություն	connectedness, coherence		frequency top-1000
ազդեցություն	effect		frequency top-1000
պաշտոնական	official		frequency top-1000
բնակչություն	population		frequency top-1000
դերանուն	pronoun		frequency top-1000
բնակիչ	inhabitant		frequency top-1000
ընդունել	to adopt		frequency top-1000
ցուրտ	cold		frequency top-1000
բարեկամ	friend		frequency top-1000
փակել	to close		frequency top-1000
հաճելի	pleasant		frequency top-1000
փախչել	to escape, to flee		frequency top-1000
մեքենա	automobile		frequency top-1000
աթոռ	chair		frequency top-1000
համեցեք	come!		frequency top-1000
ինքն	he/she himself	он/она сам(а)	frequency top-1000
բնակարան	flat, apartment		frequency top-1000
գլխարկ	hat		frequency top-1000
ուղիղ	straight, direct		frequency top-1000
սպիտակ	white		frequency top-1000
կոկորդ	throat		frequency top-1000
ճաշակ	taste		frequency top-1000
կարծես	as if, seemingly	как будто, кажется	frequency top-1000
հաջորդ	next, following, subsequent		frequency top-1000
եվրոպա	Europe	Европа	frequency top-1000
չինարեն	Chinese		frequency top-1000
ինը	9		frequency top-1000
թոռ	grandchild; grandson; granddaughter		frequency top-1000
հոր	father’s		frequency top-1000
եղավ	all right, OK		frequency top-1000
համեղ	delicious, tasty		frequency top-1000
լաց	crying, weeping		frequency top-1000
կամք	will		frequency top-1000
ուշադրություն	attention		frequency top-1000
լուր	news; report; information; tidings		frequency top-1000
չնայած	in spite of, despite, notwithstanding		frequency top-1000
հաջողություն	good luck		frequency top-1000
կանոն	rule, regulation, canon		frequency top-1000
հանրապետություն	republic		frequency top-1000
կարիք	necessity, need, want		frequency top-1000
տպավորություն	impression, effect		frequency top-1000
միևնույն	the very same	тот же самый	frequency top-1000
մասամբ	partly, in part, partially		frequency top-1000
մշակութային	cultural		frequency top-1000
հայտնել	to make public, known		frequency top-1000
հետազոտություն	research, study		frequency top-1000
հարկ	floor, storey		frequency top-1000
գործունեություն	activity		frequency top-1000
էություն	essence; nature ; gist		frequency top-1000
ածական	adjective, adjectival		frequency top-1000
բացասական	negative		frequency top-1000
իրադրություն	situation	ситуация, обстановка	frequency top-1000
անհատական	personal		frequency top-1000
արտահայտչական	expressive	выразительный	frequency top-1000
բաղադրիչ	constituent		frequency top-1000
հուզական	emotional	эмоциональный	frequency top-1000
հնդեվրոպական	Indo-European		frequency top-1000
ուսուցչուհի	teacher (female)		frequency top-1000
ամերիկա	America	Америка	frequency top-1000
կանգնած	standing		frequency top-1000
շինել	to build		frequency top-1000
աշխատասեր	industrious		frequency top-1000
օգնական	assistant		frequency top-1000
կենալ	to stand, be standing		frequency top-1000
դրսևորվել	to reveal himself		frequency top-1000
միթե	really?, is it so? (interrogative particle)	разве, неужели	frequency top-1000
թութակ	parrot		frequency top-1000
հեռախոս	telephone, phone	телефон	frequency top-1000
երեսուն	30		frequency top-1000
մայրիկ	mom, mommy		frequency top-1000
պատրաստել	to prepare		frequency top-1000
ձախ	left; left-hand		frequency top-1000
գուցե	maybe, perhaps		frequency top-1000
պատուհան	window		frequency top-1000
այդքան	that much		frequency top-1000
երաժշտություն	music		frequency top-1000
բեր	bring! (imp. of բերել)	принеси!	frequency top-1000
կինո	cinema, the movies; film	кино, кинотеатр	frequency top-1000
գերմանիա	Germany		frequency top-1000
գերմանական	German		frequency top-1000
ուշ	late		frequency top-1000
ափ	coast, bank, shore		frequency top-1000
ծնող	parent		frequency top-1000
բարդ	complicated, complex, difficult		frequency top-1000
ծիծաղել	to laugh		frequency top-1000
տխուր	sad, melancholy, sorrowful		frequency top-1000
չոր	dry		frequency top-1000
անմիջապես	immediately, instantly, promptly, right away		frequency top-1000
արդյոք	whether, really?, is it possible?		frequency top-1000
կապված	tied, connected; related to	связанный, привязанный	frequency top-1000
ներկա	present		frequency top-1000
զբաղմունք	occupation, pastime	занятие	frequency top-1000
ընտրել	to choose		frequency top-1000
փոխել	to change, to alter		frequency top-1000
էլի	again		frequency top-1000
պայման	condition		frequency top-1000
ժողովրդական	national, popular, folk		frequency top-1000
ենթակա	subject (grammatical); subordinate	подлежащее; подчинённый	frequency top-1000
հանկարծ	suddenly		frequency top-1000
գոյություն	existence, being		frequency top-1000
բուն	original, genuine, effective		frequency top-1000
ներկայացուցիչ	spokesperson, representative		frequency top-1000
ընդգծել	to underline, to underscore, to highlight		frequency top-1000
պահպանել	to keep, to preserve, to retain		frequency top-1000
հնչյունական	of or related to sound, phonic		frequency top-1000
ձգտում	aspiration, striving	стремление	frequency top-1000
հասկանալի	understandable, intelligible; clear		frequency top-1000
նմանատիպ	of the same kind, of the same type, similar		frequency top-1000
նորմ	norm	норма	frequency top-1000
հաճախականություն	frequency	частотность	frequency top-1000
մանավանդ	especially		frequency top-1000
մի օր	one day, someday	однажды, как-то раз	frequency top-1000
մեծանալ	to grow older		frequency top-1000
ճշգրիտ	exact		frequency top-1000
փորձ	attempt, try		frequency top-1000
մասնագետ	specialist		frequency top-1000
դաշտ	field		frequency top-1000
քաղաքացի	citizen		frequency top-1000
զբաղվել	to be busy with, occupy oneself	заниматься	frequency top-1000
գրիչ	pen		frequency top-1000
միակ	only, sole		frequency top-1000
մրսել	to freeze, to be cold, to shiver		frequency top-1000
սխալվել	to make a mistake, to err		frequency top-1000
հրավիրել	to invite		frequency top-1000
հարմար	comfortable, convenient		frequency top-1000
մինչ	while, whilst		frequency top-1000
առիթ	occasion, reason		frequency top-1000
ամենայն	all, entire		frequency top-1000
հավասար	equal, alike		frequency top-1000
իսպաներեն	Spanish		frequency top-1000
հունարեն	Greek		frequency top-1000
թուրք	Turk		frequency top-1000
հինգերորդ	5th		frequency top-1000
քննություն	examination, exam		frequency top-1000
սուտ	false, counterfeit, mock		frequency top-1000
վախ	fear	страх	frequency top-1000
խնձոր	apple		frequency top-1000
իմը	mine		frequency top-1000
շարունակել	to continue		frequency top-1000
երազ	dream		frequency top-1000
սար	mountain		frequency top-1000
խորթ	unrelated, step-		frequency top-1000
ընդարձակ	expansive, wide, broad, spacious		frequency top-1000
չար	evil, wicked		frequency top-1000
ցերեկ	daytime, day, morning or afternoon		frequency top-1000
մայիս	May		frequency top-1000
վերջ	end, ending, finish		frequency top-1000
թանկ	dear		frequency top-1000
կառք	carriage, coach		frequency top-1000
իմանալ	to know		frequency top-1000
նեղ	narrow		frequency top-1000
դժվարություն	difficulty	трудность	frequency top-1000
համաձայն	in agreement , concordant		frequency top-1000
պարզել	to clarify, clean, purify	прояснить, очистить	frequency top-1000
յուղ	oil		frequency top-1000
նայել	to look		frequency top-1000
ոչխար	sheep		frequency top-1000
գայլ	wolf		frequency top-1000
ոչ մի	no, not any		frequency top-1000
հաղորդել	to communicate, to transmit; to inform; to impart		frequency top-1000
հեռուստատեսություն	television		frequency top-1000
ծակ	having a hole, perforated, holed		frequency top-1000
հիմար	stupid, foolish, idiotic, moronic		frequency top-1000
կառուցվածք	structure, construction		frequency top-1000
չափազանց	extreme, excessive, undue		frequency top-1000
թարգմանություն	translation		frequency top-1000
հարաբերություն	relation		frequency top-1000
բարձրացնել	causative of բարձրանալ , to raise, heave, elevate		frequency top-1000
հարցում	survey, poll; inquiry	опрос; запрос	frequency top-1000
վերաբերել	to concern, to relate to	касаться, относиться	frequency top-1000
տոկոս	percent		frequency top-1000
խոր	deep		frequency top-1000
կացին	axe		frequency top-1000
կնիկ	married woman		frequency top-1000
համարել	to consider, esteem, deem		frequency top-1000
երանգ	hue; shade; tone		frequency top-1000
ընդունված	accepted, adopted		frequency top-1000
սկզբունք	principle		frequency top-1000
համարժեք	equivalent		frequency top-1000
օտարաբանություն	borrowing , barbarism, xénisme		frequency top-1000
վայր	place		frequency top-1000
առաջարկել	to propose		frequency top-1000
կոտրել	to break		frequency top-1000
կռվել	to fight		frequency top-1000
վառ	bright		frequency top-1000
հագնել	to wear		frequency top-1000
բույն	nest		frequency top-1000
վերադառնալ	to return		frequency top-1000
մարտ	March		frequency top-1000
տգեղ	ugly		frequency top-1000
ականջ	ear		frequency top-1000
վարվել	to treat		frequency top-1000
բանաստեղծ	poet		frequency top-1000
լուրջ	serious		frequency top-1000
քնած	asleep		frequency top-1000
վարդ	rose		frequency top-1000
փակ	closed, shut	закрытый	frequency top-1000
քերականություն	grammar		frequency top-1000
ժամանել	to arrive		frequency top-1000
գնել	to buy, to purchase		frequency top-1000
երանի	if only		frequency top-1000
կարճ	short		frequency top-1000
մենակ	alone		frequency top-1000
տարեդարձ	anniversary		frequency top-1000
շնորհակալ եմ	thank you		frequency top-1000
լողալ	to swim		frequency top-1000
ամուսին	husband		frequency top-1000
իրավունք	right		frequency top-1000
թուրքական	Turkish		frequency top-1000
մայրաքաղաք	capital, capital city		frequency top-1000
կեր	(animal) feed, fodder; eat! (imperative of ուտել)	корм; ешь!	frequency top-1000
հավ	hen, chicken		frequency top-1000
միս	meat; flesh		frequency top-1000
պաշտպանել	to protect, to defend		frequency top-1000
հայրիկ	dad, daddy	папа, папочка	frequency top-1000
բոլորովին	absolutely, quite, totally, utterly		frequency top-1000
սյուն	column, pillar		frequency top-1000
բացատրել	to explain		frequency top-1000
գիր	letter		frequency top-1000
նվեր	present, gift		frequency top-1000
վաղ	early		frequency top-1000
շարք	row		frequency top-1000
ծառա	servant		frequency top-1000
անկախ	independent		frequency top-1000
վառել	to set on fire, to burn		frequency top-1000
ճամփա	road		frequency top-1000
երջանիկ	happy, fortunate, lucky		frequency top-1000
արդյունք	result; outcome; product		frequency top-1000
խելացի	smart, clever, intelligent		frequency top-1000
կանգնել	to stand		frequency top-1000
գցել	to throw; cast; hurl, fling; chuck		frequency top-1000
դարձյալ	anew, again, once again		frequency top-1000
ցանկություն	wish, desire		frequency top-1000
վերցնել	to take		frequency top-1000
զգացում	feeling, sensation, sense		frequency top-1000
ավագ	older, elder, senior		frequency top-1000
գլխավոր	main, principal, essential		frequency top-1000
տեսություն	theory; survey	теория; обзор	frequency top-1000
գրավել	to conquer; to seize		frequency top-1000
հավաքել	to gather, to collect		frequency top-1000
անձ	person		frequency top-1000
համ	and, both		frequency top-1000
լեզվաբանություն	linguistics		frequency top-1000
արդի	modern, contemporary, up-to-date		frequency top-1000
զանազան	different, various, diverse		frequency top-1000
դատ	trial, judicial proceedings		frequency top-1000
սպանություն	killing; murder; homicide; assassination		frequency top-1000
հեր	hair		frequency top-1000
անվանում	name, title		frequency top-1000
թաղ	neighborhood, district, quarter		frequency top-1000
ընտրություն	choice		frequency top-1000
շեշտ	accent, stress, emphasis		frequency top-1000
հոլով	grammatical case, declension	падеж	frequency top-1000
անկաշկանդ	uninhibited, free, at ease	непринуждённый, свободный	frequency top-1000
աշակերտուհի	pupil (female)		frequency top-1000
կավիճ	chalk		frequency top-1000
միրգ	fruit		frequency top-1000
այսքան	so (much)		frequency top-1000
համով	tasty, delicious		frequency top-1000
ամուր	firm, sturdy, solid	крепкий, прочный, твёрдый	frequency top-1000
զգեստ	dress		frequency top-1000
օգտակար	useful		frequency top-1000
գետին	ground		frequency top-1000
լավագույն	best		frequency top-1000
թեկնածու	candidate		frequency top-1000
կարողություն	capacity		frequency top-1000
հետաքրքրական	interesting		frequency top-1000
անտարբեր	indifferent		frequency top-1000
մեղմ	mild		frequency top-1000
պտուղ	fruit		frequency top-1000
գրպան	pocket		frequency top-1000
քաղաքացիություն	citizenship		frequency top-1000
ուսումնասիրել	to research, to study, to examine		frequency top-1000
բնավ	never, not at all, not ever		frequency top-1000
ծարավ	thirsty		frequency top-1000
սառույց	ice		frequency top-1000
գորգ	carpet		frequency top-1000
կապույտ	blue		frequency top-1000
գնացք	train		frequency top-1000
հագել	to put on, wear (var. of հագնել)	надеть, одеть	frequency top-1000
մաքուր	clean; pure; genuine		frequency top-1000
խոնավ	damp, humid, moist		frequency top-1000
ուրբաթ	Friday		frequency top-1000
կիրակի	Sunday		frequency top-1000
սրճարան	café		frequency top-1000
եվրոպական	European		frequency top-1000
ֆրանսիացի	Frenchman or Frenchwoman		frequency top-1000
հունական	Greek		frequency top-1000
կատու	cat		frequency top-1000
ափսոս	what a pity!, too bad	жаль, как жаль	frequency top-1000
բրինձ	rice		frequency top-1000
թեյ	tea		frequency top-1000
քնել	to sleep		frequency top-1000
շարժում	motion, movement		frequency top-1000
հոգի	soul		frequency top-1000
թեթև	light		frequency top-1000
հարսանիք	wedding		frequency top-1000
ես	I	я	frequency core-inject
աջ	right (direction)	правый, направо	frequency core-inject
վերև	up, above	вверх, наверху	frequency core-inject
ներքև	down, below	вниз, внизу	frequency core-inject
վար	down, downward	вниз	frequency core-inject
հետև	behind, back	сзади, позади	frequency core-inject
մեջտեղ	middle, in the middle	середина, посередине	frequency core-inject
տեղափոխել	to move (relocate), transfer	переместить, перенести	frequency core-inject
շարժել	to move (set in motion)	двигать	frequency core-inject
շարժվել	to move (intr.)	двигаться	frequency core-inject
հրել	to push	толкать	frequency core-inject
շրջել	to turn, flip	поворачивать, переворачивать	frequency core-inject
պտտել	to rotate, spin	вращать, крутить	frequency core-inject
դիպչել	to touch	трогать, касаться	frequency core-inject
բաժակ	cup, glass	чашка, стакан	frequency core-inject
ափսե	plate	тарелка	frequency core-inject
դանակ	knife	нож	frequency core-inject
գդալ	spoon	ложка	frequency core-inject
պատառաքաղ	fork	вилка	frequency core-inject
բանալի	key	ключ	frequency core-inject
մահճակալ	bed	кровать	frequency core-inject
սրբիչ	towel	полотенце	frequency core-inject
օճառ	soap	мыло	frequency core-inject
լամպ	lamp	лампа	frequency core-inject
կոճակ	button	пуговица, кнопка	frequency core-inject
հատակ	floor	пол	frequency core-inject
առաստաղ	ceiling	потолок	frequency core-inject
խոհանոց	kitchen	кухня	frequency core-inject
լոգարան	bathroom	ванная	frequency core-inject
մազ	hair	волосы	frequency core-inject
քիթ	nose	нос	frequency core-inject
ատամ	tooth	зуб	frequency core-inject
շուրթ	lip	губа	frequency core-inject
մաշկ	skin	кожа	frequency core-inject
վիզ	neck	шея	frequency core-inject
ուս	shoulder	плечо	frequency core-inject
թև	arm, wing	рука (от плеча), крыло	frequency core-inject
արմունկ	elbow	локоть	frequency core-inject
ծունկ	knee	колено	frequency core-inject
կուրծք	chest, breast	грудь	frequency core-inject
ստամոքս	stomach	желудок	frequency core-inject
այտ	cheek	щека	frequency core-inject
օգտագործել	to use	использовать	frequency core-inject
մոռանալ	to forget	забывать	frequency core-inject
կորցնել	to lose	терять	frequency core-inject
արթնանալ	to wake up	просыпаться	frequency core-inject
հանգստանալ	to rest	отдыхать	frequency core-inject
սառը	cold	холодный	frequency core-inject
հեշտ	easy	лёгкий, легко	frequency core-inject
դանդաղ	slow	медленный	frequency core-inject
քաղցր	sweet	сладкий	frequency core-inject
դառը	bitter	горький	frequency core-inject
աղի	salty	солёный	frequency core-inject
կծու	spicy, sharp	острый	frequency core-inject
թարմ	fresh	свежий	frequency core-inject
կեղտոտ	dirty	грязный	frequency core-inject
դատարկ	empty	пустой	frequency core-inject
դեղին	yellow	жёлтый	frequency core-inject
շագանակագույն	brown	коричневый	frequency core-inject
մոխրագույն	gray	серый	frequency core-inject
նարնջագույն	orange	оранжевый	frequency core-inject
մանուշակագույն	purple	фиолетовый	frequency core-inject
վարդագույն	pink	розовый	frequency core-inject
շուտով	soon	скоро	frequency core-inject
հազվադեպ	rarely	редко	frequency core-inject
կեսօր	noon, midday	полдень	frequency core-inject
կեսգիշեր	midnight	полночь	frequency core-inject
ողջույն	hello, greetings	привет	frequency core-inject
ցտեսություն	goodbye	до свидания	frequency core-inject
ներողություն	sorry, excuse me	извините	frequency core-inject
ապրես	well done, bravo	молодец	frequency core-inject
ոչ ոք	nobody, no one	никто	frequency core-inject
չէի	wasn't (1sg)	я не был(-а)	frequency core-inject
չէին	weren't (3pl)	они не были	frequency core-inject
հարց տալ	to ask (a question)	задавать вопрос	frequency phrasal-verb
ցույց տալ	to show	показывать	frequency phrasal-verb
թույլ տալ	to allow, to permit	разрешать	frequency phrasal-verb
դուրս գալ	to go out, to come out	выходить	frequency phrasal-verb
ձեռք բերել	to acquire, to obtain	приобретать	frequency phrasal-verb
նկատի ունենալ	to bear in mind	иметь в виду	frequency phrasal-verb
կարիք ունենալ	to need	нуждаться	frequency phrasal-verb
հույս ունենալ	to hope	надеяться	frequency phrasal-verb
տեղի ունենալ	to take place, to occur	происходить	frequency phrasal-verb
խորհուրդ տալ	to advise	советовать	frequency phrasal-verb
կանգ առնել	to stop	останавливаться	frequency phrasal-verb
հանդես գալ	to perform, to appear	выступать	frequency phrasal-verb
հրաժեշտ տալ	to say goodbye	прощаться	frequency phrasal-verb
գլխի ընկնել	to realize, to catch on	догадаться	frequency phrasal-verb
կուլ տալ	to swallow	глотать	frequency phrasal-verb
դեմ լինել	to be against, to oppose	быть против	frequency phrasal-verb
միտք անել	to think, to ponder	думать	frequency phrasal-verb
հոգ տանել	to take care of	заботиться	frequency phrasal-verb
տուն գալ	to come home	приходить домой	frequency phrasal-verb
ողջույն տալ	to greet	приветствовать	frequency phrasal-verb
դատի տալ	to sue, to take to court	подать в суд	frequency phrasal-verb
